name,album,release_date,track_number,id,uri
The Fate of Ophelia,The Life of a Showgirl,2025-10-03,1,53iuhJlwXhSER5J2IYYv1W,spotify:track:53iuhJlwXhSER5J2IYYv1W
Elizabeth Taylor,The Life of a Showgirl,2025-10-03,2,1jgTiNob5cVyXeJ3WgX5bL,spotify:track:1jgTiNob5cVyXeJ3WgX5bL
Opalite,The Life of a Showgirl,2025-10-03,3,3yWuTOYDztXjZxdE2cIRUa,spotify:track:3yWuTOYDztXjZxdE2cIRUa
Father Figure,The Life of a Showgirl,2025-10-03,4,03bTIHJElXZ0O0jqOQvAbY,spotify:track:03bTIHJElXZ0O0jqOQvAbY
Eldest Daughter,The Life of a Showgirl,2025-10-03,5,62HoDY1Km6lm47haFpUn9c,spotify:track:62HoDY1Km6lm47haFpUn9c
Ruin The Friendship,The Life of a Showgirl,2025-10-03,6,62V2ZHslgQV98gH4AuVXnr,spotify:track:62V2ZHslgQV98gH4AuVXnr
Actually Romantic,The Life of a Showgirl,2025-10-03,7,2x3mwb96B6TquRqMtbxUE1,spotify:track:2x3mwb96B6TquRqMtbxUE1
Wi$h Li$t,The Life of a Showgirl,2025-10-03,8,2TEQvxxQabwLQMqWMg1qGu,spotify:track:2TEQvxxQabwLQMqWMg1qGu
Wood,The Life of a Showgirl,2025-10-03,9,5ylJtmaWPJ33cW3En7WOu0,spotify:track:5ylJtmaWPJ33cW3En7WOu0
CANCELLED!,The Life of a Showgirl,2025-10-03,10,1appZ3c336FkPvCuywfmrs,spotify:track:1appZ3c336FkPvCuywfmrs
Honey,The Life of a Showgirl,2025-10-03,11,4qmFC3Jz5aQ0erlk2OSi2X,spotify:track:4qmFC3Jz5aQ0erlk2OSi2X
The Life of a Showgirl (feat. Sabrina Carpenter),The Life of a Showgirl,2025-10-03,12,5eXgqtg3T8Av0m1FUaGHex,spotify:track:5eXgqtg3T8Av0m1FUaGHex
Fortnight (feat. Post Malone),THE TORTURED POETS DEPARTMENT: THE ANTHOLOGY,2024-04-19,1,6dODwocEuGzHAavXqTbwHv,spotify:track:6dODwocEuGzHAavXqTbwHv
The Tortured Poets Department,THE TORTURED POETS DEPARTMENT: THE ANTHOLOGY,2024-04-19,2,4PdLaGZubp4lghChqp8erB,spotify:track:4PdLaGZubp4lghChqp8erB
My Boy Only Breaks His Favorite Toys,THE TORTURED POETS DEPARTMENT: THE ANTHOLOGY,2024-04-19,3,7uGYWMwRy24dm7RUDDhUlD,spotify:track:7uGYWMwRy24dm7RUDDhUlD
Down Bad,THE TORTURED POETS DEPARTMENT: THE ANTHOLOGY,2024-04-19,4,1kbEbBdEgQdQeLXCJh28pJ,spotify:track:1kbEbBdEgQdQeLXCJh28pJ
"So Long, London",THE TORTURED POETS DEPARTMENT: THE ANTHOLOGY,2024-04-19,5,7wAkQFShJ27V8362MqevQr,spotify:track:7wAkQFShJ27V8362MqevQr
But Daddy I Love Him,THE TORTURED POETS DEPARTMENT: THE ANTHOLOGY,2024-04-19,6,4QMgEffJQuKtjCNvqfRZ0m,spotify:track:4QMgEffJQuKtjCNvqfRZ0m
Fresh Out The Slammer,THE TORTURED POETS DEPARTMENT: THE ANTHOLOGY,2024-04-19,7,7IWcDWOfiooH5hRs9XOVYz,spotify:track:7IWcDWOfiooH5hRs9XOVYz
Florida!!! (feat. Florence + The Machine),THE TORTURED POETS DEPARTMENT: THE ANTHOLOGY,2024-04-19,8,5ExOm0dh4NyRyAdSAO9hyM,spotify:track:5ExOm0dh4NyRyAdSAO9hyM
Guilty as Sin?,THE TORTURED POETS DEPARTMENT: THE ANTHOLOGY,2024-04-19,9,799KrpEbhZp0MHeiA8YK9P,spotify:track:799KrpEbhZp0MHeiA8YK9P
Who’s Afraid of Little Old Me?,THE TORTURED POETS DEPARTMENT: THE ANTHOLOGY,2024-04-19,10,2d8UxVNhJinc8uat9PoM9y,spotify:track:2d8UxVNhJinc8uat9PoM9y
I Can Fix Him (No Really I Can),THE TORTURED POETS DEPARTMENT: THE ANTHOLOGY,2024-04-19,11,5chnRTB9qMK3W1M41SnU9s,spotify:track:5chnRTB9qMK3W1M41SnU9s
loml,THE TORTURED POETS DEPARTMENT: THE ANTHOLOGY,2024-04-19,12,3YkNIrAvbKNrrwwEd7NVLl,spotify:track:3YkNIrAvbKNrrwwEd7NVLl
I Can Do It With a Broken Heart,THE TORTURED POETS DEPARTMENT: THE ANTHOLOGY,2024-04-19,13,2fPvQfGQEZOKtJ9qXeL4x8,spotify:track:2fPvQfGQEZOKtJ9qXeL4x8
The Smallest Man Who Ever Lived,THE TORTURED POETS DEPARTMENT: THE ANTHOLOGY,2024-04-19,14,1xtw1krCR6Dw2KwkXw5z63,spotify:track:1xtw1krCR6Dw2KwkXw5z63
The Alchemy,THE TORTURED POETS DEPARTMENT: THE ANTHOLOGY,2024-04-19,15,1tuNqJOtRQVHvONR8Lg3MZ,spotify:track:1tuNqJOtRQVHvONR8Lg3MZ
Clara Bow,THE TORTURED POETS DEPARTMENT: THE ANTHOLOGY,2024-04-19,16,4d9PtIEVij9jW5OaLinH66,spotify:track:4d9PtIEVij9jW5OaLinH66
The Black Dog,THE TORTURED POETS DEPARTMENT: THE ANTHOLOGY,2024-04-19,17,62E2nR0od0M5HYxuYLaDz7,spotify:track:62E2nR0od0M5HYxuYLaDz7
imgonnagetyouback,THE TORTURED POETS DEPARTMENT: THE ANTHOLOGY,2024-04-19,18,1kcwpPDQnqEqmezzXdJTCP,spotify:track:1kcwpPDQnqEqmezzXdJTCP
The Albatross,THE TORTURED POETS DEPARTMENT: THE ANTHOLOGY,2024-04-19,19,4EF6IyONolQy0bIQXm2EmX,spotify:track:4EF6IyONolQy0bIQXm2EmX
Chloe or Sam or Sophia or Marcus,THE TORTURED POETS DEPARTMENT: THE ANTHOLOGY,2024-04-19,20,1rmEsOezwf2lmIZTMAO5Ag,spotify:track:1rmEsOezwf2lmIZTMAO5Ag
Fortnight (feat. Post Malone),THE TORTURED POETS DEPARTMENT,2024-04-18,1,2OzhQlSqBEmt7hmkYxfT6m,spotify:track:2OzhQlSqBEmt7hmkYxfT6m
The Tortured Poets Department,THE TORTURED POETS DEPARTMENT,2024-04-18,2,3NMrVbIVWT3fPXBj0rNDKG,spotify:track:3NMrVbIVWT3fPXBj0rNDKG
My Boy Only Breaks His Favorite Toys,THE TORTURED POETS DEPARTMENT,2024-04-18,3,2XXwLdtuAcE0HSCu61ijAb,spotify:track:2XXwLdtuAcE0HSCu61ijAb
Down Bad,THE TORTURED POETS DEPARTMENT,2024-04-18,4,2F3N9tdombb64aW6VtZOdo,spotify:track:2F3N9tdombb64aW6VtZOdo
"So Long, London",THE TORTURED POETS DEPARTMENT,2024-04-18,5,3Vevii7qKqrmW8CcyzBHDl,spotify:track:3Vevii7qKqrmW8CcyzBHDl
But Daddy I Love Him,THE TORTURED POETS DEPARTMENT,2024-04-18,6,5og4Qzt92jJzVDkOtSEilb,spotify:track:5og4Qzt92jJzVDkOtSEilb
Fresh Out The Slammer,THE TORTURED POETS DEPARTMENT,2024-04-18,7,3fO566xJgwxIa3qGCGBvIC,spotify:track:3fO566xJgwxIa3qGCGBvIC
Florida!!! (feat. Florence + The Machine),THE TORTURED POETS DEPARTMENT,2024-04-18,8,3ZVFcD8Wlw9T9klGqmJf9F,spotify:track:3ZVFcD8Wlw9T9klGqmJf9F
Guilty as Sin?,THE TORTURED POETS DEPARTMENT,2024-04-18,9,0W0iAC1VGlB82PI6elxFYf,spotify:track:0W0iAC1VGlB82PI6elxFYf
Who’s Afraid of Little Old Me?,THE TORTURED POETS DEPARTMENT,2024-04-18,10,36t6frENUtCYKuZus6aYDO,spotify:track:36t6frENUtCYKuZus6aYDO
I Can Fix Him (No Really I Can),THE TORTURED POETS DEPARTMENT,2024-04-18,11,2h3MDMf8sd9s4XIzpTBIjX,spotify:track:2h3MDMf8sd9s4XIzpTBIjX
loml,THE TORTURED POETS DEPARTMENT,2024-04-18,12,6RSG1dKPV5gEvILwJb4QtS,spotify:track:6RSG1dKPV5gEvILwJb4QtS
I Can Do It With a Broken Heart,THE TORTURED POETS DEPARTMENT,2024-04-18,13,4q5YezDOIPcoLr8R81x9qy,spotify:track:4q5YezDOIPcoLr8R81x9qy
The Smallest Man Who Ever Lived,THE TORTURED POETS DEPARTMENT,2024-04-18,14,2v1ivOOsgn64g5OywuH55L,spotify:track:2v1ivOOsgn64g5OywuH55L
The Alchemy,THE TORTURED POETS DEPARTMENT,2024-04-18,15,1dhMTsEZz6ZEquGvmzVoHn,spotify:track:1dhMTsEZz6ZEquGvmzVoHn
Clara Bow,THE TORTURED POETS DEPARTMENT,2024-04-18,16,1UlhrRvYzbHEyugEDspXUB,spotify:track:1UlhrRvYzbHEyugEDspXUB
Welcome To New York (Taylor's Version),1989 (Taylor's Version) [Deluxe],2023-10-27,1,4WUepByoeqcedHoYhSNHRt,spotify:track:4WUepByoeqcedHoYhSNHRt
Blank Space (Taylor's Version),1989 (Taylor's Version) [Deluxe],2023-10-27,2,0108kcWLnn2HlH2kedi1gn,spotify:track:0108kcWLnn2HlH2kedi1gn
Style (Taylor's Version),1989 (Taylor's Version) [Deluxe],2023-10-27,3,3Vpk1hfMAQme8VJ0SNRSkd,spotify:track:3Vpk1hfMAQme8VJ0SNRSkd
Out Of The Woods (Taylor's Version),1989 (Taylor's Version) [Deluxe],2023-10-27,4,1OcSfkeCg9hRC2sFKB4IMJ,spotify:track:1OcSfkeCg9hRC2sFKB4IMJ
All You Had To Do Was Stay (Taylor's Version),1989 (Taylor's Version) [Deluxe],2023-10-27,5,2k0ZEeAqzvYMcx9Qt5aClQ,spotify:track:2k0ZEeAqzvYMcx9Qt5aClQ
Shake It Off (Taylor's Version),1989 (Taylor's Version) [Deluxe],2023-10-27,6,50yNTF0Od55qnHLxYsA5Pw,spotify:track:50yNTF0Od55qnHLxYsA5Pw
I Wish You Would (Taylor's Version),1989 (Taylor's Version) [Deluxe],2023-10-27,7,3FxJDucHWdw6caWTKO5b23,spotify:track:3FxJDucHWdw6caWTKO5b23
Bad Blood (Taylor's Version),1989 (Taylor's Version) [Deluxe],2023-10-27,8,7oZONwFiFIErZcXAtTu7FY,spotify:track:7oZONwFiFIErZcXAtTu7FY
Wildest Dreams (Taylor's Version),1989 (Taylor's Version) [Deluxe],2023-10-27,9,27exgla7YBw9DUNNcTIpjy,spotify:track:27exgla7YBw9DUNNcTIpjy
How You Get The Girl (Taylor's Version),1989 (Taylor's Version) [Deluxe],2023-10-27,10,733OhaXQIHY7BKtY3vnSkn,spotify:track:733OhaXQIHY7BKtY3vnSkn
This Love (Taylor’s Version),1989 (Taylor's Version) [Deluxe],2023-10-27,11,4WBEj8TeGtRPNJdOmT3WJW,spotify:track:4WBEj8TeGtRPNJdOmT3WJW
I Know Places (Taylor's Version),1989 (Taylor's Version) [Deluxe],2023-10-27,12,1ULabO0PEsdJekqVH6G10G,spotify:track:1ULabO0PEsdJekqVH6G10G
Clean (Taylor's Version),1989 (Taylor's Version) [Deluxe],2023-10-27,13,0lKUBmEyQfzsQHozyeXzES,spotify:track:0lKUBmEyQfzsQHozyeXzES
Wonderland (Taylor's Version),1989 (Taylor's Version) [Deluxe],2023-10-27,14,6HRsJu8vcnzYDN4t0570FY,spotify:track:6HRsJu8vcnzYDN4t0570FY
You Are In Love (Taylor's Version),1989 (Taylor's Version) [Deluxe],2023-10-27,15,0TyGh27YQ5LknmiDhCzJiT,spotify:track:0TyGh27YQ5LknmiDhCzJiT
New Romantics (Taylor's Version),1989 (Taylor's Version) [Deluxe],2023-10-27,16,5M787RexsAiVYjQusM98CV,spotify:track:5M787RexsAiVYjQusM98CV
"""Slut!"" (Taylor's Version) (From The Vault)",1989 (Taylor's Version) [Deluxe],2023-10-27,17,0CD7DzeCsuPJygddqlUVYa,spotify:track:0CD7DzeCsuPJygddqlUVYa
Say Don't Go (Taylor's Version) (From The Vault),1989 (Taylor's Version) [Deluxe],2023-10-27,18,3CCRVu4F91Qp2mnGjmWBrf,spotify:track:3CCRVu4F91Qp2mnGjmWBrf
Now That We Don't Talk (Taylor's Version) (From The Vault),1989 (Taylor's Version) [Deluxe],2023-10-27,19,5QUIK7ZtziW8kGWo8RqopF,spotify:track:5QUIK7ZtziW8kGWo8RqopF
Suburban Legends (Taylor's Version) (From The Vault),1989 (Taylor's Version) [Deluxe],2023-10-27,20,6M9ppdfFjR1AbpUl3Y8DcV,spotify:track:6M9ppdfFjR1AbpUl3Y8DcV
Welcome To New York (Taylor's Version),1989 (Taylor's Version),2023-10-26,1,1hR8BSuEqPCCZfv93zzzz9,spotify:track:1hR8BSuEqPCCZfv93zzzz9
Blank Space (Taylor's Version),1989 (Taylor's Version),2023-10-26,2,45wMBGri1PORPjM9PwFfrS,spotify:track:45wMBGri1PORPjM9PwFfrS
Style (Taylor's Version),1989 (Taylor's Version),2023-10-26,3,1hjRhYpWyqDpPahmSlUTlc,spotify:track:1hjRhYpWyqDpPahmSlUTlc
Out Of The Woods (Taylor's Version),1989 (Taylor's Version),2023-10-26,4,045ZeOHPIzhxxsm8bq5kyE,spotify:track:045ZeOHPIzhxxsm8bq5kyE
All You Had To Do Was Stay (Taylor's Version),1989 (Taylor's Version),2023-10-26,5,6GXgd1BPD9bUpqw5AntGV5,spotify:track:6GXgd1BPD9bUpqw5AntGV5
Shake It Off (Taylor's Version),1989 (Taylor's Version),2023-10-26,6,3pv7Q5v2dpdefwdWIvE7yH,spotify:track:3pv7Q5v2dpdefwdWIvE7yH
I Wish You Would (Taylor's Version),1989 (Taylor's Version),2023-10-26,7,43y1WpBdnEy5TR9aZoSQL9,spotify:track:43y1WpBdnEy5TR9aZoSQL9
Bad Blood (Taylor's Version),1989 (Taylor's Version),2023-10-26,8,64FzgoLZ3oXu2SriZblHic,spotify:track:64FzgoLZ3oXu2SriZblHic
Wildest Dreams (Taylor's Version),1989 (Taylor's Version),2023-10-26,9,1K39ty6o1sHwwlZwO6a7wK,spotify:track:1K39ty6o1sHwwlZwO6a7wK
How You Get The Girl (Taylor's Version),1989 (Taylor's Version),2023-10-26,10,75W3SngKzTuoQ94uLf3y82,spotify:track:75W3SngKzTuoQ94uLf3y82
This Love (Taylor’s Version),1989 (Taylor's Version),2023-10-26,11,5QVVjX0ZItqlVpEuVCM9Yg,spotify:track:5QVVjX0ZItqlVpEuVCM9Yg
I Know Places (Taylor's Version),1989 (Taylor's Version),2023-10-26,12,2f0GI2ZLUtbGqFx8t2Gk6A,spotify:track:2f0GI2ZLUtbGqFx8t2Gk6A
Clean (Taylor's Version),1989 (Taylor's Version),2023-10-26,13,2ByBBvpR9b7IynvRmnG7kG,spotify:track:2ByBBvpR9b7IynvRmnG7kG
Wonderland (Taylor's Version),1989 (Taylor's Version),2023-10-26,14,2ve0kuaWUCt4Zx8x4bf1MR,spotify:track:2ve0kuaWUCt4Zx8x4bf1MR
You Are In Love (Taylor's Version),1989 (Taylor's Version),2023-10-26,15,4UwqOWDpdeIDVQDuKT6iza,spotify:track:4UwqOWDpdeIDVQDuKT6iza
New Romantics (Taylor's Version),1989 (Taylor's Version),2023-10-26,16,2vPMoMDXxu9uX1igWZmXSG,spotify:track:2vPMoMDXxu9uX1igWZmXSG
"""Slut!"" (Taylor's Version) (From The Vault)",1989 (Taylor's Version),2023-10-26,17,71BqAINEnezjQfxE4VuJfq,spotify:track:71BqAINEnezjQfxE4VuJfq
Say Don't Go (Taylor's Version) (From The Vault),1989 (Taylor's Version),2023-10-26,18,4NioO5R9sHEZh4cGzMHyNt,spotify:track:4NioO5R9sHEZh4cGzMHyNt
Now That We Don't Talk (Taylor's Version) (From The Vault),1989 (Taylor's Version),2023-10-26,19,5KD6AEm19QnMbfWpfoOHMl,spotify:track:5KD6AEm19QnMbfWpfoOHMl
Suburban Legends (Taylor's Version) (From The Vault),1989 (Taylor's Version),2023-10-26,20,6T0sEnqjmHISIKwFETeeiP,spotify:track:6T0sEnqjmHISIKwFETeeiP
Mine (Taylor's Version),Speak Now (Taylor's Version),2023-07-07,1,7G0gBu6nLdhFDPRLc0HdDG,spotify:track:7G0gBu6nLdhFDPRLc0HdDG
Sparks Fly (Taylor’s Version),Speak Now (Taylor's Version),2023-07-07,2,3MytWN8L7shNYzGl4tAKRp,spotify:track:3MytWN8L7shNYzGl4tAKRp
Back To December (Taylor's Version),Speak Now (Taylor's Version),2023-07-07,3,79uDOz0zuuWS7HWxzMmTa2,spotify:track:79uDOz0zuuWS7HWxzMmTa2
Speak Now (Taylor's Version),Speak Now (Taylor's Version),2023-07-07,4,5xXqyjLicvEpch72qEryFT,spotify:track:5xXqyjLicvEpch72qEryFT
Dear John (Taylor's Version),Speak Now (Taylor's Version),2023-07-07,5,1zU8j1x3yi9xalMF96pzKp,spotify:track:1zU8j1x3yi9xalMF96pzKp
Mean (Taylor's Version),Speak Now (Taylor's Version),2023-07-07,6,30Y4CV7A6YqtQtTTo7Ue4j,spotify:track:30Y4CV7A6YqtQtTTo7Ue4j
The Story Of Us (Taylor's Version),Speak Now (Taylor's Version),2023-07-07,7,6dTA6y0C2ReQklntzZl8l3,spotify:track:6dTA6y0C2ReQklntzZl8l3
Never Grow Up (Taylor's Version),Speak Now (Taylor's Version),2023-07-07,8,2EFZ9emtKWEglWUQGEQ3P9,spotify:track:2EFZ9emtKWEglWUQGEQ3P9
Enchanted (Taylor's Version),Speak Now (Taylor's Version),2023-07-07,9,3sW3oSbzsfecv9XoUdGs7h,spotify:track:3sW3oSbzsfecv9XoUdGs7h
Better Than Revenge (Taylor's Version),Speak Now (Taylor's Version),2023-07-07,10,0NwGC0v03ysCYINtg6ns58,spotify:track:0NwGC0v03ysCYINtg6ns58
Innocent (Taylor's Version),Speak Now (Taylor's Version),2023-07-07,11,12nBPF4Rh4XLFJV0YLN7uj,spotify:track:12nBPF4Rh4XLFJV0YLN7uj
Haunted (Taylor's Version),Speak Now (Taylor's Version),2023-07-07,12,4tMzIAFTFdqGBQLdfbPces,spotify:track:4tMzIAFTFdqGBQLdfbPces
Last Kiss (Taylor's Version),Speak Now (Taylor's Version),2023-07-07,13,59KOoHFcw5XfICnO57holu,spotify:track:59KOoHFcw5XfICnO57holu
Long Live (Taylor's Version),Speak Now (Taylor's Version),2023-07-07,14,4hqJ4bSlYJOXb6Z4SRmzxs,spotify:track:4hqJ4bSlYJOXb6Z4SRmzxs
Ours (Taylor’s Version),Speak Now (Taylor's Version),2023-07-07,15,3yNJkriPzWjkkDAWHIAVUq,spotify:track:3yNJkriPzWjkkDAWHIAVUq
Superman (Taylor’s Version),Speak Now (Taylor's Version),2023-07-07,16,4evLyY5Ue1Wesc61t2KXAU,spotify:track:4evLyY5Ue1Wesc61t2KXAU
Electric Touch (feat. Fall Out Boy) (Taylor’s Version) (From The Vault),Speak Now (Taylor's Version),2023-07-07,17,4e3ZNTAV6PCrdYMUrUlMpQ,spotify:track:4e3ZNTAV6PCrdYMUrUlMpQ
When Emma Falls in Love (Taylor’s Version) (From The Vault),Speak Now (Taylor's Version),2023-07-07,18,0zo975x58DlXbZllWvfYhg,spotify:track:0zo975x58DlXbZllWvfYhg
I Can See You (Taylor’s Version) (From The Vault),Speak Now (Taylor's Version),2023-07-07,19,5kHMfzgLZP95O9NBy0ku4v,spotify:track:5kHMfzgLZP95O9NBy0ku4v
Castles Crumbling (feat. Hayley Williams) (Taylor’s Version) (From The Vault),Speak Now (Taylor's Version),2023-07-07,20,4ABYxlb92WBIjHu7TIKmml,spotify:track:4ABYxlb92WBIjHu7TIKmml
Lavender Haze,Midnights (The Til Dawn Edition),2023-05-26,1,24emu3sabKISjRkrys28jq,spotify:track:24emu3sabKISjRkrys28jq
Maroon,Midnights (The Til Dawn Edition),2023-05-26,2,6qxvy9Pe4RJIq5JBVbbwbS,spotify:track:6qxvy9Pe4RJIq5JBVbbwbS
Anti-Hero,Midnights (The Til Dawn Edition),2023-05-26,3,5qIHFdkW6phMsTZlN2g8Lc,spotify:track:5qIHFdkW6phMsTZlN2g8Lc
Snow On The Beach (feat. Lana Del Rey),Midnights (The Til Dawn Edition),2023-05-26,4,7GA86Uo2jYbj8vIXe2nyWd,spotify:track:7GA86Uo2jYbj8vIXe2nyWd
"You're On Your Own, Kid",Midnights (The Til Dawn Edition),2023-05-26,5,6PQOU00xWNrGwCZzboriXy,spotify:track:6PQOU00xWNrGwCZzboriXy
Midnight Rain,Midnights (The Til Dawn Edition),2023-05-26,6,4eKMqf9ZMSclDX7V9Ptg7x,spotify:track:4eKMqf9ZMSclDX7V9Ptg7x
Question...?,Midnights (The Til Dawn Edition),2023-05-26,7,7oomkQSYf1ia2VnVEWfFIU,spotify:track:7oomkQSYf1ia2VnVEWfFIU
Vigilante Shit,Midnights (The Til Dawn Edition),2023-05-26,8,0GKDhq6ZbmSbRHd3eyGlB7,spotify:track:0GKDhq6ZbmSbRHd3eyGlB7
Bejeweled,Midnights (The Til Dawn Edition),2023-05-26,9,0VpF6RLdCfPIeYRwMu4tZK,spotify:track:0VpF6RLdCfPIeYRwMu4tZK
Labyrinth,Midnights (The Til Dawn Edition),2023-05-26,10,4bBDkw2KBMX0tcgAaXC83Q,spotify:track:4bBDkw2KBMX0tcgAaXC83Q
Karma,Midnights (The Til Dawn Edition),2023-05-26,11,45R112Jz5hQeKgITXgSXzs,spotify:track:45R112Jz5hQeKgITXgSXzs
Sweet Nothing,Midnights (The Til Dawn Edition),2023-05-26,12,2L09RYwH5Pjzca6PmbUAw3,spotify:track:2L09RYwH5Pjzca6PmbUAw3
Mastermind,Midnights (The Til Dawn Edition),2023-05-26,13,1QQii3pa5m8MEda0nbkjfw,spotify:track:1QQii3pa5m8MEda0nbkjfw
The Great War,Midnights (The Til Dawn Edition),2023-05-26,14,2VuqMjgoKaOHNM8HpxtXKx,spotify:track:2VuqMjgoKaOHNM8HpxtXKx
Bigger Than The Whole Sky,Midnights (The Til Dawn Edition),2023-05-26,15,71CBDRKmF2VeRKYMG1DFBh,spotify:track:71CBDRKmF2VeRKYMG1DFBh
Paris,Midnights (The Til Dawn Edition),2023-05-26,16,5tWxKWq1DSP1s9WQ5PWuqu,spotify:track:5tWxKWq1DSP1s9WQ5PWuqu
High Infidelity,Midnights (The Til Dawn Edition),2023-05-26,17,1SztNGCwEHJEVFx90E5g7D,spotify:track:1SztNGCwEHJEVFx90E5g7D
Glitch,Midnights (The Til Dawn Edition),2023-05-26,18,7C0w28EsX0Um2FrZs9gso2,spotify:track:7C0w28EsX0Um2FrZs9gso2
"Would've, Could've, Should've",Midnights (The Til Dawn Edition),2023-05-26,19,4txojlesMFQZGWxwz2EeqB,spotify:track:4txojlesMFQZGWxwz2EeqB
Dear Reader,Midnights (The Til Dawn Edition),2023-05-26,20,10GRRCR5fctuOF4GFmATJI,spotify:track:10GRRCR5fctuOF4GFmATJI
Lavender Haze,Midnights (3am Edition),2022-10-22,1,4g2c7NoTWAOSYDy44l9nub,spotify:track:4g2c7NoTWAOSYDy44l9nub
Maroon,Midnights (3am Edition),2022-10-22,2,199E1RRrVmVTQqBXih5qRC,spotify:track:199E1RRrVmVTQqBXih5qRC
Anti-Hero,Midnights (3am Edition),2022-10-22,3,02Zkkf2zMkwRGQjZ7T4p8f,spotify:track:02Zkkf2zMkwRGQjZ7T4p8f
Snow On The Beach (feat. Lana Del Rey),Midnights (3am Edition),2022-10-22,4,6ADDIJxxqzM9LMpm78yzQG,spotify:track:6ADDIJxxqzM9LMpm78yzQG
"You're On Your Own, Kid",Midnights (3am Edition),2022-10-22,5,7gVWKBcfIW93YxNBi3ApIE,spotify:track:7gVWKBcfIW93YxNBi3ApIE
Midnight Rain,Midnights (3am Edition),2022-10-22,6,6Nl7KyvjkFncGsjB49SxLl,spotify:track:6Nl7KyvjkFncGsjB49SxLl
Question...?,Midnights (3am Edition),2022-10-22,7,6C7OF1Jal7YkyjzyUG8vkK,spotify:track:6C7OF1Jal7YkyjzyUG8vkK
Vigilante Shit,Midnights (3am Edition),2022-10-22,8,5yeuXkukVGuix3vmLu2BPJ,spotify:track:5yeuXkukVGuix3vmLu2BPJ
Bejeweled,Midnights (3am Edition),2022-10-22,9,0jvo9CjnbR0lYUDTSNTMiu,spotify:track:0jvo9CjnbR0lYUDTSNTMiu
Labyrinth,Midnights (3am Edition),2022-10-22,10,43q586vP8gGkYypKoSddhl,spotify:track:43q586vP8gGkYypKoSddhl
Karma,Midnights (3am Edition),2022-10-22,11,5oqDgw5VGBln5dSIOPWyBq,spotify:track:5oqDgw5VGBln5dSIOPWyBq
Sweet Nothing,Midnights (3am Edition),2022-10-22,12,3zmwONxswBAzGwExPugSLN,spotify:track:3zmwONxswBAzGwExPugSLN
Mastermind,Midnights (3am Edition),2022-10-22,13,56hioFjQ0DXrdn04hZcFgG,spotify:track:56hioFjQ0DXrdn04hZcFgG
The Great War,Midnights (3am Edition),2022-10-22,14,3UMrglJeju5yWyYIW6o99b,spotify:track:3UMrglJeju5yWyYIW6o99b
Bigger Than The Whole Sky,Midnights (3am Edition),2022-10-22,15,0BiqmkasE5FdrChwKfVp8X,spotify:track:0BiqmkasE5FdrChwKfVp8X
Paris,Midnights (3am Edition),2022-10-22,16,7712gjoih4QoDbXpljEk21,spotify:track:7712gjoih4QoDbXpljEk21
High Infidelity,Midnights (3am Edition),2022-10-22,17,5kiZGSxgqPdv6rbqL9THdd,spotify:track:5kiZGSxgqPdv6rbqL9THdd
Glitch,Midnights (3am Edition),2022-10-22,18,6wAFvJPpTZVirBKGZ4EnMW,spotify:track:6wAFvJPpTZVirBKGZ4EnMW
"Would've, Could've, Should've",Midnights (3am Edition),2022-10-22,19,0aV5uARAknQgYhBaK944FP,spotify:track:0aV5uARAknQgYhBaK944FP
Dear Reader,Midnights (3am Edition),2022-10-22,20,3QF5RsWzK1lCvf2o2cY65P,spotify:track:3QF5RsWzK1lCvf2o2cY65P
Lavender Haze,Midnights,2022-10-21,1,5jQI2r1RdgtuT8S3iG8zFC,spotify:track:5jQI2r1RdgtuT8S3iG8zFC
Maroon,Midnights,2022-10-21,2,3eX0NZfLtGzoLUxPNvRfqm,spotify:track:3eX0NZfLtGzoLUxPNvRfqm
Anti-Hero,Midnights,2022-10-21,3,0V3wPSX9ygBnCm8psDIegu,spotify:track:0V3wPSX9ygBnCm8psDIegu
Snow On The Beach (feat. Lana Del Rey),Midnights,2022-10-21,4,1wtOxkiel43cVs0Yux5Q4h,spotify:track:1wtOxkiel43cVs0Yux5Q4h
"You're On Your Own, Kid",Midnights,2022-10-21,5,4D7BCuvgdJlYvlX5WlN54t,spotify:track:4D7BCuvgdJlYvlX5WlN54t
Midnight Rain,Midnights,2022-10-21,6,3rWDp9tBPQR9z6U5YyRSK4,spotify:track:3rWDp9tBPQR9z6U5YyRSK4
Question...?,Midnights,2022-10-21,7,0heeNYlwOGuUSe7TgUD27B,spotify:track:0heeNYlwOGuUSe7TgUD27B
Vigilante Shit,Midnights,2022-10-21,8,1xwAWUI6Dj0WGC3KiUPN0O,spotify:track:1xwAWUI6Dj0WGC3KiUPN0O
Bejeweled,Midnights,2022-10-21,9,3qoftcUZaUOncvIYjFSPdE,spotify:track:3qoftcUZaUOncvIYjFSPdE
Labyrinth,Midnights,2022-10-21,10,0A1JLUlkZkp2EFrosoNQi0,spotify:track:0A1JLUlkZkp2EFrosoNQi0
Karma,Midnights,2022-10-21,11,7KokYm8cMIXCsGVmUvKtqf,spotify:track:7KokYm8cMIXCsGVmUvKtqf
Sweet Nothing,Midnights,2022-10-21,12,0wavGRldH0AWyu2zvTz8zb,spotify:track:0wavGRldH0AWyu2zvTz8zb
Mastermind,Midnights,2022-10-21,13,7FmYn9e7KHMXcxqGSj9LjH,spotify:track:7FmYn9e7KHMXcxqGSj9LjH
State Of Grace (Taylor's Version),Red (Taylor's Version),2021-11-12,1,6lzc0Al0zfZOIFsFvBS1ki,spotify:track:6lzc0Al0zfZOIFsFvBS1ki
Red (Taylor's Version),Red (Taylor's Version),2021-11-12,2,4OAuvHryIVv4kMDNSLuPt6,spotify:track:4OAuvHryIVv4kMDNSLuPt6
Treacherous (Taylor's Version),Red (Taylor's Version),2021-11-12,3,3S7HNKPakdwNEBFIVTL6dZ,spotify:track:3S7HNKPakdwNEBFIVTL6dZ
I Knew You Were Trouble (Taylor's Version),Red (Taylor's Version),2021-11-12,4,6AtZLIzUINvExIUy4QhdjP,spotify:track:6AtZLIzUINvExIUy4QhdjP
All Too Well (Taylor's Version),Red (Taylor's Version),2021-11-12,5,3nsfB1vus2qaloUdcBZvDu,spotify:track:3nsfB1vus2qaloUdcBZvDu
22 (Taylor's Version),Red (Taylor's Version),2021-11-12,6,3yII7UwgLF6K5zW3xad3MP,spotify:track:3yII7UwgLF6K5zW3xad3MP
I Almost Do (Taylor's Version),Red (Taylor's Version),2021-11-12,7,2r9CbjYgFhtAmcFv1cSquB,spotify:track:2r9CbjYgFhtAmcFv1cSquB
We Are Never Ever Getting Back Together (Taylor's Version),Red (Taylor's Version),2021-11-12,8,5YqltLsjdqFtvqE7Nrysvs,spotify:track:5YqltLsjdqFtvqE7Nrysvs
Stay Stay Stay (Taylor's Version),Red (Taylor's Version),2021-11-12,9,7eQj6r5PIdYKEIZjucBMcq,spotify:track:7eQj6r5PIdYKEIZjucBMcq
The Last Time (feat. Gary Lightbody of Snow Patrol) (Taylor’s Version),Red (Taylor's Version),2021-11-12,10,0y6kdSRCVQhSsHSpWvTUm7,spotify:track:0y6kdSRCVQhSsHSpWvTUm7
Holy Ground (Taylor's Version),Red (Taylor's Version),2021-11-12,11,7J4b3LVCIGO4CMBDFLPoP6,spotify:track:7J4b3LVCIGO4CMBDFLPoP6
Sad Beautiful Tragic (Taylor's Version),Red (Taylor's Version),2021-11-12,12,73qMN9bXy7MSPwwGfH3wQr,spotify:track:73qMN9bXy7MSPwwGfH3wQr
The Lucky One (Taylor's Version),Red (Taylor's Version),2021-11-12,13,4e5ayHsOLJNLTGfjau2mEw,spotify:track:4e5ayHsOLJNLTGfjau2mEw
Everything Has Changed (feat. Ed Sheeran) (Taylor’s Version),Red (Taylor's Version),2021-11-12,14,7qEUFOVcxRI19tbT68JcYK,spotify:track:7qEUFOVcxRI19tbT68JcYK
Starlight (Taylor's Version),Red (Taylor's Version),2021-11-12,15,7A2cNLRT0YJc1yjxHlKihs,spotify:track:7A2cNLRT0YJc1yjxHlKihs
Begin Again (Taylor's Version),Red (Taylor's Version),2021-11-12,16,05GsNucq8Bngd9fnd4fRa0,spotify:track:05GsNucq8Bngd9fnd4fRa0
The Moment I Knew (Taylor's Version),Red (Taylor's Version),2021-11-12,17,0NRHj8hDwwmSPaA41o379r,spotify:track:0NRHj8hDwwmSPaA41o379r
Come Back...Be Here (Taylor's Version),Red (Taylor's Version),2021-11-12,18,4pNApnaUWAL2J4KO2eqokq,spotify:track:4pNApnaUWAL2J4KO2eqokq
Girl At Home (Taylor's Version),Red (Taylor's Version),2021-11-12,19,0DMVrlMUn01M0IcpDbwgu7,spotify:track:0DMVrlMUn01M0IcpDbwgu7
State Of Grace (Acoustic Version) (Taylor's Version),Red (Taylor's Version),2021-11-12,20,5jAIouBES8LWMiriuNq170,spotify:track:5jAIouBES8LWMiriuNq170
Fearless (Taylor’s Version),Fearless (Taylor's Version),2021-04-09,1,77sMIMlNaSURUAXq5coCxE,spotify:track:77sMIMlNaSURUAXq5coCxE
Fifteen (Taylor’s Version),Fearless (Taylor's Version),2021-04-09,2,2nqio0SfWg6gh2eCtfuMa5,spotify:track:2nqio0SfWg6gh2eCtfuMa5
Love Story (Taylor’s Version),Fearless (Taylor's Version),2021-04-09,3,6YvqWjhGD8mB5QXcbcUKtx,spotify:track:6YvqWjhGD8mB5QXcbcUKtx
Hey Stephen (Taylor’s Version),Fearless (Taylor's Version),2021-04-09,4,550erGcdD9n6PnwxrvYqZT,spotify:track:550erGcdD9n6PnwxrvYqZT
White Horse (Taylor’s Version),Fearless (Taylor's Version),2021-04-09,5,5YL553x8sHderRBDlm3NM3,spotify:track:5YL553x8sHderRBDlm3NM3
You Belong With Me (Taylor’s Version),Fearless (Taylor's Version),2021-04-09,6,1qrpoAMXodY6895hGKoUpA,spotify:track:1qrpoAMXodY6895hGKoUpA
Breathe (feat. Colbie Caillat) (Taylor’s Version),Fearless (Taylor's Version),2021-04-09,7,7HC7R2D8WjXVcUHJyEGjRs,spotify:track:7HC7R2D8WjXVcUHJyEGjRs
Tell Me Why (Taylor’s Version),Fearless (Taylor's Version),2021-04-09,8,0k0vFacOHNuArLWMiH60p7,spotify:track:0k0vFacOHNuArLWMiH60p7
You’re Not Sorry (Taylor’s Version),Fearless (Taylor's Version),2021-04-09,9,6iiAfo4wTA2CVC3Uwx9uh8,spotify:track:6iiAfo4wTA2CVC3Uwx9uh8
The Way I Loved You (Taylor’s Version),Fearless (Taylor's Version),2021-04-09,10,22bPsP2jCgbLUvh82U0Z3M,spotify:track:22bPsP2jCgbLUvh82U0Z3M
Forever & Always (Taylor’s Version),Fearless (Taylor's Version),2021-04-09,11,1msEuwSBneBKpVCZQcFTsU,spotify:track:1msEuwSBneBKpVCZQcFTsU
The Best Day (Taylor’s Version),Fearless (Taylor's Version),2021-04-09,12,6ON9UuIq49xXY9GPmHIYRp,spotify:track:6ON9UuIq49xXY9GPmHIYRp
Change (Taylor’s Version),Fearless (Taylor's Version),2021-04-09,13,3ExweHKZF9B752DPQByRVT,spotify:track:3ExweHKZF9B752DPQByRVT
Jump Then Fall (Taylor’s Version),Fearless (Taylor's Version),2021-04-09,14,2m3ObD945KvpE5y9A1eUWm,spotify:track:2m3ObD945KvpE5y9A1eUWm
Untouchable (Taylor’s Version),Fearless (Taylor's Version),2021-04-09,15,0tQ9vBYpldCuikPsbgOVKA,spotify:track:0tQ9vBYpldCuikPsbgOVKA
Forever & Always (Piano Version) (Taylor’s Version),Fearless (Taylor's Version),2021-04-09,16,01QdEx6kFr78ZejhQtWR5m,spotify:track:01QdEx6kFr78ZejhQtWR5m
Come In With The Rain (Taylor’s Version),Fearless (Taylor's Version),2021-04-09,17,1n2wszmJyVkw6FHqyLnQsY,spotify:track:1n2wszmJyVkw6FHqyLnQsY
Superstar (Taylor’s Version),Fearless (Taylor's Version),2021-04-09,18,51A8eKvvZz9uydvIZ7xRSV,spotify:track:51A8eKvvZz9uydvIZ7xRSV
The Other Side Of The Door (Taylor’s Version),Fearless (Taylor's Version),2021-04-09,19,1cSFlSBdpT4F5vb1frQ231,spotify:track:1cSFlSBdpT4F5vb1frQ231
Today Was A Fairytale (Taylor’s Version),Fearless (Taylor's Version),2021-04-09,20,2JoJrsEV15OzbijS47lids,spotify:track:2JoJrsEV15OzbijS47lids
willow,evermore (deluxe version),2021-01-07,1,2gVhfX2Gy1T9kDuS9azrF7,spotify:track:2gVhfX2Gy1T9kDuS9azrF7
champagne problems,evermore (deluxe version),2021-01-07,2,1gcyHQpBQ1lfXGdhZmWrHP,spotify:track:1gcyHQpBQ1lfXGdhZmWrHP
gold rush,evermore (deluxe version),2021-01-07,3,3Dby3p1m6IOZn2gIIqECgK,spotify:track:3Dby3p1m6IOZn2gIIqECgK
‘tis the damn season,evermore (deluxe version),2021-01-07,4,6sQckd3Z8NPxVVKUnavY1F,spotify:track:6sQckd3Z8NPxVVKUnavY1F
tolerate it,evermore (deluxe version),2021-01-07,5,6lCvK2AR2uOKkVFCVlAzzm,spotify:track:6lCvK2AR2uOKkVFCVlAzzm
"no body, no crime (feat. HAIM)",evermore (deluxe version),2021-01-07,6,6uwfVkaOM1mcMkFmSn35ix,spotify:track:6uwfVkaOM1mcMkFmSn35ix
happiness,evermore (deluxe version),2021-01-07,7,55Vf4bimc1Rtfg0PAQRAo2,spotify:track:55Vf4bimc1Rtfg0PAQRAo2
dorothea,evermore (deluxe version),2021-01-07,8,66tOfHVH3aUrscg8vExRV4,spotify:track:66tOfHVH3aUrscg8vExRV4
coney island (feat. The National),evermore (deluxe version),2021-01-07,9,2awNGIJHodfLZSClB3PYhz,spotify:track:2awNGIJHodfLZSClB3PYhz
ivy,evermore (deluxe version),2021-01-07,10,43Ykum9T72UOPhBN31grpN,spotify:track:43Ykum9T72UOPhBN31grpN
cowboy like me,evermore (deluxe version),2021-01-07,11,52OkpDsU6MmPx1AwGOb6Ap,spotify:track:52OkpDsU6MmPx1AwGOb6Ap
long story short,evermore (deluxe version),2021-01-07,12,5VYWxXUpxuxEmCqMLDqICo,spotify:track:5VYWxXUpxuxEmCqMLDqICo
marjorie,evermore (deluxe version),2021-01-07,13,5uICWmZTLkpEVbK22PBP6e,spotify:track:5uICWmZTLkpEVbK22PBP6e
closure,evermore (deluxe version),2021-01-07,14,6a8aUhYbaQBUI8PcJ5ZmQ6,spotify:track:6a8aUhYbaQBUI8PcJ5ZmQ6
evermore (feat. Bon Iver),evermore (deluxe version),2021-01-07,15,6Wlq9rqkxrqj5Kls4Kw14H,spotify:track:6Wlq9rqkxrqj5Kls4Kw14H
right where you left me - bonus track,evermore (deluxe version),2021-01-07,16,3zwMVvkBe2qIKDObWgXw4N,spotify:track:3zwMVvkBe2qIKDObWgXw4N
it’s time to go - bonus track,evermore (deluxe version),2021-01-07,17,1kdWw77ZpYOkhxeuhzU1j6,spotify:track:1kdWw77ZpYOkhxeuhzU1j6
willow,evermore,2020-12-11,1,0lx2cLdOt3piJbcaXIV74f,spotify:track:0lx2cLdOt3piJbcaXIV74f
champagne problems,evermore,2020-12-11,2,0sY6ZUTh4yoctD8VIXz339,spotify:track:0sY6ZUTh4yoctD8VIXz339
gold rush,evermore,2020-12-11,3,5BK0uqwY9DNfZ630STAEaq,spotify:track:5BK0uqwY9DNfZ630STAEaq
‘tis the damn season,evermore,2020-12-11,4,7dW84mWkdWE5a6lFWxJCBG,spotify:track:7dW84mWkdWE5a6lFWxJCBG
tolerate it,evermore,2020-12-11,5,0PurA4JVJ8YQgSVopY8fn6,spotify:track:0PurA4JVJ8YQgSVopY8fn6
"no body, no crime (feat. HAIM)",evermore,2020-12-11,6,3RaT22zZsxVYxxKR7TAaYF,spotify:track:3RaT22zZsxVYxxKR7TAaYF
happiness,evermore,2020-12-11,7,73YUReisjb3A9ActdLLjJQ,spotify:track:73YUReisjb3A9ActdLLjJQ
dorothea,evermore,2020-12-11,8,670fUmXf4KQekzbEgaXyPA,spotify:track:670fUmXf4KQekzbEgaXyPA
coney island (feat. The National),evermore,2020-12-11,9,3k7ne7VmH43ZPWxPdvPUgR,spotify:track:3k7ne7VmH43ZPWxPdvPUgR
ivy,evermore,2020-12-11,10,19CSr8rwW05VJL2F91KFNK,spotify:track:19CSr8rwW05VJL2F91KFNK
cowboy like me,evermore,2020-12-11,11,1XjHRolIXL2M1EEOUsGGR4,spotify:track:1XjHRolIXL2M1EEOUsGGR4
long story short,evermore,2020-12-11,12,2o2sgVJIgFXk8GQjWTgI6U,spotify:track:2o2sgVJIgFXk8GQjWTgI6U
marjorie,evermore,2020-12-11,13,12ntTeqEeTg7GAVpe8Mhpl,spotify:track:12ntTeqEeTg7GAVpe8Mhpl
closure,evermore,2020-12-11,14,35rdVq36LMHQX0Suw9a6tK,spotify:track:35rdVq36LMHQX0Suw9a6tK
evermore (feat. Bon Iver),evermore,2020-12-11,15,3O5osWf1rSoKMwe6E9ZaXP,spotify:track:3O5osWf1rSoKMwe6E9ZaXP
the 1,folklore: the long pond studio sessions (from the Disney+ special) [deluxe edition],2020-11-25,1,0P9wLFurlgumLXuqFEpw52,spotify:track:0P9wLFurlgumLXuqFEpw52
cardigan,folklore: the long pond studio sessions (from the Disney+ special) [deluxe edition],2020-11-25,2,7zcnlq38eqNWyUF6eNaB5Z,spotify:track:7zcnlq38eqNWyUF6eNaB5Z
the last great american dynasty,folklore: the long pond studio sessions (from the Disney+ special) [deluxe edition],2020-11-25,3,4ojxSyrEraN7d46BMBPThZ,spotify:track:4ojxSyrEraN7d46BMBPThZ
exile (feat. Bon Iver),folklore: the long pond studio sessions (from the Disney+ special) [deluxe edition],2020-11-25,4,6kz2hkq1xQvDqPcUyBkw8f,spotify:track:6kz2hkq1xQvDqPcUyBkw8f
my tears ricochet,folklore: the long pond studio sessions (from the Disney+ special) [deluxe edition],2020-11-25,5,0Oju1YcbPCJuUQQWoZNdJK,spotify:track:0Oju1YcbPCJuUQQWoZNdJK
mirrorball,folklore: the long pond studio sessions (from the Disney+ special) [deluxe edition],2020-11-25,6,5jQyGzcwqAxwT5QUIMivoX,spotify:track:5jQyGzcwqAxwT5QUIMivoX
seven,folklore: the long pond studio sessions (from the Disney+ special) [deluxe edition],2020-11-25,7,2vJ7QvyCiR4DaHxwO58izA,spotify:track:2vJ7QvyCiR4DaHxwO58izA
august,folklore: the long pond studio sessions (from the Disney+ special) [deluxe edition],2020-11-25,8,1UHoF9p75IVsvUt6WdTYhn,spotify:track:1UHoF9p75IVsvUt6WdTYhn
this is me trying,folklore: the long pond studio sessions (from the Disney+ special) [deluxe edition],2020-11-25,9,5DnDBYrfGoxdnomqEAkFIv,spotify:track:5DnDBYrfGoxdnomqEAkFIv
illicit affairs,folklore: the long pond studio sessions (from the Disney+ special) [deluxe edition],2020-11-25,10,7CVTowKpGPA2MsIbkTl2oc,spotify:track:7CVTowKpGPA2MsIbkTl2oc
invisible string,folklore: the long pond studio sessions (from the Disney+ special) [deluxe edition],2020-11-25,11,4WHIqhrbdva5vQSrCuet3l,spotify:track:4WHIqhrbdva5vQSrCuet3l
mad woman,folklore: the long pond studio sessions (from the Disney+ special) [deluxe edition],2020-11-25,12,7klXN6RCN5Rj0VeYO5gBzU,spotify:track:7klXN6RCN5Rj0VeYO5gBzU
epiphany,folklore: the long pond studio sessions (from the Disney+ special) [deluxe edition],2020-11-25,13,5MFjHn1qfR9AsWuyzJLk1z,spotify:track:5MFjHn1qfR9AsWuyzJLk1z
betty,folklore: the long pond studio sessions (from the Disney+ special) [deluxe edition],2020-11-25,14,2jhfs6moEAK13eLM6xim4l,spotify:track:2jhfs6moEAK13eLM6xim4l
peace,folklore: the long pond studio sessions (from the Disney+ special) [deluxe edition],2020-11-25,15,0O9i6jhscByEJs1ipy5hu4,spotify:track:0O9i6jhscByEJs1ipy5hu4
hoax,folklore: the long pond studio sessions (from the Disney+ special) [deluxe edition],2020-11-25,16,4XCYmu7QLySdIahgBALKJK,spotify:track:4XCYmu7QLySdIahgBALKJK
the lakes - bonus track,folklore: the long pond studio sessions (from the Disney+ special) [deluxe edition],2020-11-25,17,0zEprKYeuGOIZoHyu6O1E2,spotify:track:0zEprKYeuGOIZoHyu6O1E2
the 1 - the long pond studio sessions,folklore: the long pond studio sessions (from the Disney+ special) [deluxe edition],2020-11-25,1,08J4bMHbILkwSIhbtrcvjN,spotify:track:08J4bMHbILkwSIhbtrcvjN
cardigan - the long pond studio sessions,folklore: the long pond studio sessions (from the Disney+ special) [deluxe edition],2020-11-25,2,3EPgWM1zfTSzEc0z4AwWTM,spotify:track:3EPgWM1zfTSzEc0z4AwWTM
the last great american dynasty - the long pond studio sessions,folklore: the long pond studio sessions (from the Disney+ special) [deluxe edition],2020-11-25,3,28tIMaewZuGR8urkvFhQyA,spotify:track:28tIMaewZuGR8urkvFhQyA
the 1,folklore (deluxe version),2020-08-18,1,4pfrrhvplbJZAIsfosGWQP,spotify:track:4pfrrhvplbJZAIsfosGWQP
cardigan,folklore (deluxe version),2020-08-18,2,0KRYCBwIpWYFNrXOmXbyUh,spotify:track:0KRYCBwIpWYFNrXOmXbyUh
the last great american dynasty,folklore (deluxe version),2020-08-18,3,2olxzvoFI9IpxqFeUv7WOX,spotify:track:2olxzvoFI9IpxqFeUv7WOX
exile (feat. Bon Iver),folklore (deluxe version),2020-08-18,4,5S4aYQAJOwJMAamANWlICO,spotify:track:5S4aYQAJOwJMAamANWlICO
my tears ricochet,folklore (deluxe version),2020-08-18,5,5P2bHCDM2tsgIaYWsZMhu5,spotify:track:5P2bHCDM2tsgIaYWsZMhu5
mirrorball,folklore (deluxe version),2020-08-18,6,2I8YAEA1VmCuP1wkJHMpTw,spotify:track:2I8YAEA1VmCuP1wkJHMpTw
seven,folklore (deluxe version),2020-08-18,7,76mOLcXOjOEhyY4mMF1l3r,spotify:track:76mOLcXOjOEhyY4mMF1l3r
august,folklore (deluxe version),2020-08-18,8,6nK2pIKFcRc5frrZKHgsiT,spotify:track:6nK2pIKFcRc5frrZKHgsiT
this is me trying,folklore (deluxe version),2020-08-18,9,7cm50Lw03k6VvRauJtkyTj,spotify:track:7cm50Lw03k6VvRauJtkyTj
illicit affairs,folklore (deluxe version),2020-08-18,10,6DrLROM5MG9bxWHeEG5elq,spotify:track:6DrLROM5MG9bxWHeEG5elq
invisible string,folklore (deluxe version),2020-08-18,11,2ehRU518I0hYqMGQnk4lDY,spotify:track:2ehRU518I0hYqMGQnk4lDY
mad woman,folklore (deluxe version),2020-08-18,12,0RP1kqoSPkVXsKiQNhMKzV,spotify:track:0RP1kqoSPkVXsKiQNhMKzV
epiphany,folklore (deluxe version),2020-08-18,13,1EXa37LpSvi3OQ9UYQ28rD,spotify:track:1EXa37LpSvi3OQ9UYQ28rD
betty,folklore (deluxe version),2020-08-18,14,3IhtE4fkytdrtEfV34UzkD,spotify:track:3IhtE4fkytdrtEfV34UzkD
peace,folklore (deluxe version),2020-08-18,15,6JlI8Ay77m4nJvZTHvfT1J,spotify:track:6JlI8Ay77m4nJvZTHvfT1J
hoax,folklore (deluxe version),2020-08-18,16,0YeDG5HnKnG7jpArkzsSPa,spotify:track:0YeDG5HnKnG7jpArkzsSPa
the lakes - bonus track,folklore (deluxe version),2020-08-18,17,0eFQWVz0qIxDOvhLpZ40P7,spotify:track:0eFQWVz0qIxDOvhLpZ40P7
the 1,folklore,2020-07-24,1,0Jlcvv8IykzHaSmj49uNW8,spotify:track:0Jlcvv8IykzHaSmj49uNW8
cardigan,folklore,2020-07-24,2,4R2kfaDFhslZEMJqAFNpdd,spotify:track:4R2kfaDFhslZEMJqAFNpdd
the last great american dynasty,folklore,2020-07-24,3,2Eeur20xVqfUoM3Q7EFPFt,spotify:track:2Eeur20xVqfUoM3Q7EFPFt
exile (feat. Bon Iver),folklore,2020-07-24,4,4pvb0WLRcMtbPGmtejJJ6y,spotify:track:4pvb0WLRcMtbPGmtejJJ6y
my tears ricochet,folklore,2020-07-24,5,1MgV7FIyNxIG7WzMRJV5HC,spotify:track:1MgV7FIyNxIG7WzMRJV5HC
mirrorball,folklore,2020-07-24,6,0ZNU020wNYvgW84iljPkPP,spotify:track:0ZNU020wNYvgW84iljPkPP
seven,folklore,2020-07-24,7,6KJqZcs9XDgVck7Lg9QOTC,spotify:track:6KJqZcs9XDgVck7Lg9QOTC
august,folklore,2020-07-24,8,3hUxzQpSfdDqwM3ZTFQY0K,spotify:track:3hUxzQpSfdDqwM3ZTFQY0K
this is me trying,folklore,2020-07-24,9,7kt9e9LFSpN1zQtYEl19o1,spotify:track:7kt9e9LFSpN1zQtYEl19o1
illicit affairs,folklore,2020-07-24,10,2NmsngXHeC1GQ9wWrzhOMf,spotify:track:2NmsngXHeC1GQ9wWrzhOMf
invisible string,folklore,2020-07-24,11,6VsvKPJ4xjVNKpI8VVZ3SV,spotify:track:6VsvKPJ4xjVNKpI8VVZ3SV
mad woman,folklore,2020-07-24,12,2QDyYdZyhlP2fp79KZX8Bi,spotify:track:2QDyYdZyhlP2fp79KZX8Bi
epiphany,folklore,2020-07-24,13,08fa9LFcFBTcilB3iq2e2A,spotify:track:08fa9LFcFBTcilB3iq2e2A
betty,folklore,2020-07-24,14,5kI4eCXXzyuIUXjQra0Cxi,spotify:track:5kI4eCXXzyuIUXjQra0Cxi
peace,folklore,2020-07-24,15,7MbT4I8qGntX4fMdqMQgke,spotify:track:7MbT4I8qGntX4fMdqMQgke
hoax,folklore,2020-07-24,16,6MWoRt97mnSTXZhu3ggi9C,spotify:track:6MWoRt97mnSTXZhu3ggi9C
I Forgot That You Existed,Lover,2019-08-23,1,43rA71bccXFGD4C8GOpIlN,spotify:track:43rA71bccXFGD4C8GOpIlN
Cruel Summer,Lover,2019-08-23,2,1BxfuPKGuaTgP7aM0Bbdwr,spotify:track:1BxfuPKGuaTgP7aM0Bbdwr
Lover,Lover,2019-08-23,3,1dGr1c8CrMLDpV6mPbImSI,spotify:track:1dGr1c8CrMLDpV6mPbImSI
The Man,Lover,2019-08-23,4,3RauEVgRgj1IuWdJ9fDs70,spotify:track:3RauEVgRgj1IuWdJ9fDs70
The Archer,Lover,2019-08-23,5,3pHkh7d0lzM2AldUtz2x37,spotify:track:3pHkh7d0lzM2AldUtz2x37
I Think He Knows,Lover,2019-08-23,6,2YWtcWi3a83pdEg3Gif4Pd,spotify:track:2YWtcWi3a83pdEg3Gif4Pd
Miss Americana & The Heartbreak Prince,Lover,2019-08-23,7,214nt20w5wOxJnY462klLw,spotify:track:214nt20w5wOxJnY462klLw
Paper Rings,Lover,2019-08-23,8,4y5bvROuBDPr5fuwXbIBZR,spotify:track:4y5bvROuBDPr5fuwXbIBZR
Cornelia Street,Lover,2019-08-23,9,12M5uqx0ZuwkpLp5rJim1a,spotify:track:12M5uqx0ZuwkpLp5rJim1a
Death By A Thousand Cuts,Lover,2019-08-23,10,2dgFqt3w9xIQRjhPtwNk3D,spotify:track:2dgFqt3w9xIQRjhPtwNk3D
London Boy,Lover,2019-08-23,11,1LLXZFeAHK9R4xUramtUKw,spotify:track:1LLXZFeAHK9R4xUramtUKw
Soon You’ll Get Better (feat. The Chicks),Lover,2019-08-23,12,4AYtqFyFbX0Xkc2wtcygTr,spotify:track:4AYtqFyFbX0Xkc2wtcygTr
False God,Lover,2019-08-23,13,5hQSXkFgbxjZo9uCwd11so,spotify:track:5hQSXkFgbxjZo9uCwd11so
You Need To Calm Down,Lover,2019-08-23,14,6RRNNciQGZEXnqk8SQ9yv5,spotify:track:6RRNNciQGZEXnqk8SQ9yv5
Afterglow,Lover,2019-08-23,15,1SymEzIT3H8UZfibCs3TYi,spotify:track:1SymEzIT3H8UZfibCs3TYi
ME! (feat. Brendon Urie of Panic! At The Disco),Lover,2019-08-23,16,2Rk4JlNc2TPmZe2af99d45,spotify:track:2Rk4JlNc2TPmZe2af99d45
It’s Nice To Have A Friend,Lover,2019-08-23,17,1SmiQ65iSAbPto6gPFlBYm,spotify:track:1SmiQ65iSAbPto6gPFlBYm
Daylight,Lover,2019-08-23,18,1fzAuUVbzlhZ1lJAx9PtY6,spotify:track:1fzAuUVbzlhZ1lJAx9PtY6
...Ready For It? - Karaoke Version,Taylor Swift Karaoke: reputation,2018-03-09,1,4twNUyTpLMPWokYmCdFDCH,spotify:track:4twNUyTpLMPWokYmCdFDCH
End Game - Karaoke Version,Taylor Swift Karaoke: reputation,2018-03-09,2,4cag67C3v9ToeFivUwDUsE,spotify:track:4cag67C3v9ToeFivUwDUsE
I Did Something Bad - Karaoke Version,Taylor Swift Karaoke: reputation,2018-03-09,3,2hecdut2HWM5JMHqLTWThq,spotify:track:2hecdut2HWM5JMHqLTWThq
Don't Blame Me - Karaoke Version,Taylor Swift Karaoke: reputation,2018-03-09,4,5JtXBqKLdfzwedmlUjjqAm,spotify:track:5JtXBqKLdfzwedmlUjjqAm
Delicate - Karaoke Version,Taylor Swift Karaoke: reputation,2018-03-09,5,5Iadj8IBPrt634WW0yGPRI,spotify:track:5Iadj8IBPrt634WW0yGPRI
Look What You Made Me Do - Karaoke Version,Taylor Swift Karaoke: reputation,2018-03-09,6,1zz0XSmHCFd57ne04UAp38,spotify:track:1zz0XSmHCFd57ne04UAp38
So It Goes... - Karaoke Version,Taylor Swift Karaoke: reputation,2018-03-09,7,5oJUjUsBZcqyEhOdpif37h,spotify:track:5oJUjUsBZcqyEhOdpif37h
Gorgeous - Karaoke Version,Taylor Swift Karaoke: reputation,2018-03-09,8,3ZHTwJzCNDFvjLpVQiqpH6,spotify:track:3ZHTwJzCNDFvjLpVQiqpH6
Getaway Car - Karaoke Version,Taylor Swift Karaoke: reputation,2018-03-09,9,7bdyzcQ0onk60hfsxDCd2X,spotify:track:7bdyzcQ0onk60hfsxDCd2X
King Of My Heart - Karaoke Version,Taylor Swift Karaoke: reputation,2018-03-09,10,5EsfyTD26nlVQ0DtYo16uJ,spotify:track:5EsfyTD26nlVQ0DtYo16uJ
Dancing With Our Hands Tied - Karaoke Version,Taylor Swift Karaoke: reputation,2018-03-09,11,3ZfvKQxJp4zZshiJsRPoD1,spotify:track:3ZfvKQxJp4zZshiJsRPoD1
Dress - Karaoke Version,Taylor Swift Karaoke: reputation,2018-03-09,12,2k0w1FGqvzVPgQ9VdTaJpe,spotify:track:2k0w1FGqvzVPgQ9VdTaJpe
This Is Why We Can't Have Nice Things - Karaoke Version,Taylor Swift Karaoke: reputation,2018-03-09,13,0MtU9ETYyVX8YPBDCYPdMb,spotify:track:0MtU9ETYyVX8YPBDCYPdMb
Call It What You Want - Karaoke Version,Taylor Swift Karaoke: reputation,2018-03-09,14,1VPHQriwOsy5aGHLwwZyho,spotify:track:1VPHQriwOsy5aGHLwwZyho
New Year's Day - Karaoke Version,Taylor Swift Karaoke: reputation,2018-03-09,15,13tYZVTtzLUJTlM7m1ivbi,spotify:track:13tYZVTtzLUJTlM7m1ivbi
...Ready For It?,reputation,2017-11-10,1,2yLa0QULdQr0qAIvVwN6B5,spotify:track:2yLa0QULdQr0qAIvVwN6B5
End Game,reputation,2017-11-10,2,2x0WlnmfG39ZuDmstl9xfX,spotify:track:2x0WlnmfG39ZuDmstl9xfX
I Did Something Bad,reputation,2017-11-10,3,4svZDCRz4cJoneBpjpx8DJ,spotify:track:4svZDCRz4cJoneBpjpx8DJ
Don’t Blame Me,reputation,2017-11-10,4,1R0a2iXumgCiFb7HEZ7gUE,spotify:track:1R0a2iXumgCiFb7HEZ7gUE
Delicate,reputation,2017-11-10,5,6NFyWDv5CjfwuzoCkw47Xf,spotify:track:6NFyWDv5CjfwuzoCkw47Xf
Look What You Made Me Do,reputation,2017-11-10,6,1P17dC1amhFzptugyAO7Il,spotify:track:1P17dC1amhFzptugyAO7Il
So It Goes...,reputation,2017-11-10,7,5PxFv9yJEg9dxvbZggykro,spotify:track:5PxFv9yJEg9dxvbZggykro
Gorgeous,reputation,2017-11-10,8,1ZY1PqizIl78geGM4xWlEA,spotify:track:1ZY1PqizIl78geGM4xWlEA
Getaway Car,reputation,2017-11-10,9,0VE4kBnHJUgtMf0dy6DRmW,spotify:track:0VE4kBnHJUgtMf0dy6DRmW
King Of My Heart,reputation,2017-11-10,10,7HuBDWi18s4aJM8UFnNheH,spotify:track:7HuBDWi18s4aJM8UFnNheH
Dancing With Our Hands Tied,reputation,2017-11-10,11,7I7JbDv63ZJJsSi24DyJrz,spotify:track:7I7JbDv63ZJJsSi24DyJrz
Dress,reputation,2017-11-10,12,6oVxXO5oQ4pTpO8RSnkzvv,spotify:track:6oVxXO5oQ4pTpO8RSnkzvv
This Is Why We Can't Have Nice Things,reputation,2017-11-10,13,07NxDD1iKCHbAldceD7QLP,spotify:track:07NxDD1iKCHbAldceD7QLP
Call It What You Want,reputation,2017-11-10,14,1GwMQaZz6Au3QLDbjbMdme,spotify:track:1GwMQaZz6Au3QLDbjbMdme
New Year’s Day,reputation,2017-11-10,15,7F5oktn5YOsR9eR5YsFtqb,spotify:track:7F5oktn5YOsR9eR5YsFtqb
All Too Well,reputation Stadium Tour Surprise Song Playlist,2017-11-09,1,00vJzaoxM3Eja1doBUhX0P,spotify:track:00vJzaoxM3Eja1doBUhX0P
Wildest Dreams,reputation Stadium Tour Surprise Song Playlist,2017-11-09,2,22C0JIVhFaczZ4t9heqREN,spotify:track:22C0JIVhFaczZ4t9heqREN
The Best Day,reputation Stadium Tour Surprise Song Playlist,2017-11-09,3,7APTsjmZbj7TFXQJAiRti4,spotify:track:7APTsjmZbj7TFXQJAiRti4
Red,reputation Stadium Tour Surprise Song Playlist,2017-11-09,4,4V9NuhKQcUFt4cgbynHV79,spotify:track:4V9NuhKQcUFt4cgbynHV79
Holy Ground,reputation Stadium Tour Surprise Song Playlist,2017-11-09,5,4hCZk6WJBFQeG3P7WsyntI,spotify:track:4hCZk6WJBFQeG3P7WsyntI
Teardrops On My Guitar - Radio Single Remix,reputation Stadium Tour Surprise Song Playlist,2017-11-09,6,7eGeUVeCEvEQrivmjl9Qn3,spotify:track:7eGeUVeCEvEQrivmjl9Qn3
Our Song,reputation Stadium Tour Surprise Song Playlist,2017-11-09,7,7qGr3rjRhndRIpFUA5f2HJ,spotify:track:7qGr3rjRhndRIpFUA5f2HJ
22,reputation Stadium Tour Surprise Song Playlist,2017-11-09,8,2P5gfMtCcKP0CkmgqFMyPg,spotify:track:2P5gfMtCcKP0CkmgqFMyPg
I Knew You Were Trouble.,reputation Stadium Tour Surprise Song Playlist,2017-11-09,9,2o2IVjuqRkR9hJxtPjtAP0,spotify:track:2o2IVjuqRkR9hJxtPjtAP0
I Don’t Wanna Live Forever (Fifty Shades Darker),reputation Stadium Tour Surprise Song Playlist,2017-11-09,10,55n9yjI6qqXh5F2mYvUc2y,spotify:track:55n9yjI6qqXh5F2mYvUc2y
Mean,reputation Stadium Tour Surprise Song Playlist,2017-11-09,11,5rcHBt2aNcGFWW0jaAUe1L,spotify:track:5rcHBt2aNcGFWW0jaAUe1L
How You Get The Girl,reputation Stadium Tour Surprise Song Playlist,2017-11-09,12,3aSYZ4upQ6OSNos26YeVWL,spotify:track:3aSYZ4upQ6OSNos26YeVWL
So It Goes...,reputation Stadium Tour Surprise Song Playlist,2017-11-09,13,41T04yafZVrjNq2FqvLtId,spotify:track:41T04yafZVrjNq2FqvLtId
Fifteen,reputation Stadium Tour Surprise Song Playlist,2017-11-09,14,0H2UD0LfSCiRr59YMGlCuS,spotify:track:0H2UD0LfSCiRr59YMGlCuS
Mine,reputation Stadium Tour Surprise Song Playlist,2017-11-09,15,6FmJKLpyCt42nP2IOVEVc2,spotify:track:6FmJKLpyCt42nP2IOVEVc2
Sparks Fly,reputation Stadium Tour Surprise Song Playlist,2017-11-09,16,5h2sBwpUSAndjObfU3ti2r,spotify:track:5h2sBwpUSAndjObfU3ti2r
State Of Grace,reputation Stadium Tour Surprise Song Playlist,2017-11-09,17,0YRGTdfmJPALpglAaraYUr,spotify:track:0YRGTdfmJPALpglAaraYUr
Haunted,reputation Stadium Tour Surprise Song Playlist,2017-11-09,18,6CB7DczrX9ZJB9Wkjegmaq,spotify:track:6CB7DczrX9ZJB9Wkjegmaq
Never Grow Up,reputation Stadium Tour Surprise Song Playlist,2017-11-09,19,1UPDfqsVIZLEiZeMuUsni2,spotify:track:1UPDfqsVIZLEiZeMuUsni2
Treacherous,reputation Stadium Tour Surprise Song Playlist,2017-11-09,20,0r3U7SOcoj4DIEyN44Lt5z,spotify:track:0r3U7SOcoj4DIEyN44Lt5z
Welcome To New York,1989 (Deluxe),2014-01-01,1,3nRmDz7qGCvsMS30rGGY0x,spotify:track:3nRmDz7qGCvsMS30rGGY0x
Blank Space,1989 (Deluxe),2014-01-01,2,1u8c2t2Cy7UBoG4ArRcF5g,spotify:track:1u8c2t2Cy7UBoG4ArRcF5g
Style,1989 (Deluxe),2014-01-01,3,0ug5NqcwcFR2xrfTkc7k8e,spotify:track:0ug5NqcwcFR2xrfTkc7k8e
Out Of The Woods,1989 (Deluxe),2014-01-01,4,0qUnBLZ8bJqUNEeQgayL9t,spotify:track:0qUnBLZ8bJqUNEeQgayL9t
All You Had To Do Was Stay,1989 (Deluxe),2014-01-01,5,6aLOekfwbytwWvQftxTEF0,spotify:track:6aLOekfwbytwWvQftxTEF0
Shake It Off,1989 (Deluxe),2014-01-01,6,0cqRj7pUJDkTCEsJkx8snD,spotify:track:0cqRj7pUJDkTCEsJkx8snD
I Wish You Would,1989 (Deluxe),2014-01-01,7,5gRYrtvyVyaCRvLt56OfuV,spotify:track:5gRYrtvyVyaCRvLt56OfuV
Bad Blood,1989 (Deluxe),2014-01-01,8,2NlmmAjGYrrjAp0MED5rGx,spotify:track:2NlmmAjGYrrjAp0MED5rGx
Wildest Dreams,1989 (Deluxe),2014-01-01,9,4A4A6dwl5DqdqrZaEtKGPR,spotify:track:4A4A6dwl5DqdqrZaEtKGPR
How You Get The Girl,1989 (Deluxe),2014-01-01,10,0fM9dEhUFV4MHDuJgrcfOv,spotify:track:0fM9dEhUFV4MHDuJgrcfOv
This Love,1989 (Deluxe),2014-01-01,11,4L560fic5PaTuCFm6CviKa,spotify:track:4L560fic5PaTuCFm6CviKa
I Know Places,1989 (Deluxe),2014-01-01,12,6EwNJz8CuVsrsLvXprJ20Q,spotify:track:6EwNJz8CuVsrsLvXprJ20Q
Clean,1989 (Deluxe),2014-01-01,13,1NmVZsG18CzCAtw7rnV3yA,spotify:track:1NmVZsG18CzCAtw7rnV3yA
Wonderland,1989 (Deluxe),2014-01-01,14,6RvRzl1YJTDnUvdOtV21IK,spotify:track:6RvRzl1YJTDnUvdOtV21IK
You Are In Love,1989 (Deluxe),2014-01-01,15,2KrOAg6FftbjgSKdd2a4rS,spotify:track:2KrOAg6FftbjgSKdd2a4rS
New Romantics,1989 (Deluxe),2014-01-01,16,0qAIiGFKLdV1xpNlEhjpq8,spotify:track:0qAIiGFKLdV1xpNlEhjpq8
I Know Places - Voice Memo,1989 (Deluxe),2014-01-01,17,4FoV729rw7IhoKlMZW5K5V,spotify:track:4FoV729rw7IhoKlMZW5K5V
I Wish You Would - Voice Memo,1989 (Deluxe),2014-01-01,18,4eTXfpHxhxVofrBUjAhPMg,spotify:track:4eTXfpHxhxVofrBUjAhPMg
Blank Space - Voice Memo,1989 (Deluxe),2014-01-01,19,4e6QU4gpfZj9xxcK856RgG,spotify:track:4e6QU4gpfZj9xxcK856RgG
Welcome To New York,1989,2014-01-01,1,10nqz67NQWWa7XPq7ycihi,spotify:track:10nqz67NQWWa7XPq7ycihi
Blank Space,1989,2014-01-01,2,2ls70nUDfjzm1lSRDuKxmw,spotify:track:2ls70nUDfjzm1lSRDuKxmw
Style,1989,2014-01-01,3,71PmZqBXH0RUETqxpwlV0w,spotify:track:71PmZqBXH0RUETqxpwlV0w
Out Of The Woods,1989,2014-01-01,4,7EpVQjqtKygiwJIASxMWNg,spotify:track:7EpVQjqtKygiwJIASxMWNg
All You Had To Do Was Stay,1989,2014-01-01,5,4NNolUeL5m2ju7kf8pdg6H,spotify:track:4NNolUeL5m2ju7kf8pdg6H
Shake It Off,1989,2014-01-01,6,1kKlhuQE0HXp1IwBRpaH2P,spotify:track:1kKlhuQE0HXp1IwBRpaH2P
I Wish You Would,1989,2014-01-01,7,5RVJ6VKfwtosA5Q1qeHdjF,spotify:track:5RVJ6VKfwtosA5Q1qeHdjF
Bad Blood,1989,2014-01-01,8,0TvQLMecTE8utzoNmvXRbK,spotify:track:0TvQLMecTE8utzoNmvXRbK
Wildest Dreams,1989,2014-01-01,9,3fVnlF4pGqWI9flVENcT28,spotify:track:3fVnlF4pGqWI9flVENcT28
How You Get The Girl,1989,2014-01-01,10,5Z9ocF6ng0m2haHnKtHwTp,spotify:track:5Z9ocF6ng0m2haHnKtHwTp
This Love,1989,2014-01-01,11,7lTxQZVXlvIX7Z3szSy8Sh,spotify:track:7lTxQZVXlvIX7Z3szSy8Sh
I Know Places,1989,2014-01-01,12,6Ck9WerfsyvC4v4AylUoDp,spotify:track:6Ck9WerfsyvC4v4AylUoDp
Clean,1989,2014-01-01,13,2k43eySbfpDVx0PrO99UI8,spotify:track:2k43eySbfpDVx0PrO99UI8
State Of Grace,Red (Deluxe Edition),2012-10-22,1,0b16LTzby1YRVd2nq2Z0fw,spotify:track:0b16LTzby1YRVd2nq2Z0fw
Red,Red (Deluxe Edition),2012-10-22,2,7gJtmLyPTwKzhGzMBXtuXH,spotify:track:7gJtmLyPTwKzhGzMBXtuXH
Treacherous,Red (Deluxe Edition),2012-10-22,3,7nECwCDHS1JvQbrmuorZIH,spotify:track:7nECwCDHS1JvQbrmuorZIH
I Knew You Were Trouble.,Red (Deluxe Edition),2012-10-22,4,3lKZf71jeNi14udIFPJ29V,spotify:track:3lKZf71jeNi14udIFPJ29V
All Too Well,Red (Deluxe Edition),2012-10-22,5,6GNRkaWUB0Lwc19SdkTgx8,spotify:track:6GNRkaWUB0Lwc19SdkTgx8
22,Red (Deluxe Edition),2012-10-22,6,3WC5CVAahvn98hiseoIvbw,spotify:track:3WC5CVAahvn98hiseoIvbw
I Almost Do,Red (Deluxe Edition),2012-10-22,7,1eyqSYBCTane4rl4vc6PWJ,spotify:track:1eyqSYBCTane4rl4vc6PWJ
We Are Never Ever Getting Back Together,Red (Deluxe Edition),2012-10-22,8,6kISMRfweKSvgHR0urMQFG,spotify:track:6kISMRfweKSvgHR0urMQFG
Stay Stay Stay,Red (Deluxe Edition),2012-10-22,9,0F2S1QlnMaOfmNHIgmES3k,spotify:track:0F2S1QlnMaOfmNHIgmES3k
The Last Time,Red (Deluxe Edition),2012-10-22,10,2Tz4JnXZOcjcp8fWfMjBBk,spotify:track:2Tz4JnXZOcjcp8fWfMjBBk
Holy Ground,Red (Deluxe Edition),2012-10-22,11,3KmYVOuK2eG7LGP7qQ8DLR,spotify:track:3KmYVOuK2eG7LGP7qQ8DLR
Sad Beautiful Tragic,Red (Deluxe Edition),2012-10-22,12,70e9zuv2pJc7ON1OUAJ1zl,spotify:track:70e9zuv2pJc7ON1OUAJ1zl
The Lucky One,Red (Deluxe Edition),2012-10-22,13,5VQLMrWhailAhErKNUSnv1,spotify:track:5VQLMrWhailAhErKNUSnv1
Everything Has Changed,Red (Deluxe Edition),2012-10-22,14,5PjfMmF06QtxTPZBZHdhoZ,spotify:track:5PjfMmF06QtxTPZBZHdhoZ
Starlight,Red (Deluxe Edition),2012-10-22,15,1gL4vMhDV3RgJQmDuY5HK1,spotify:track:1gL4vMhDV3RgJQmDuY5HK1
Begin Again,Red (Deluxe Edition),2012-10-22,16,1yG491M3fRfowMdGN5pey4,spotify:track:1yG491M3fRfowMdGN5pey4
The Moment I Knew,Red (Deluxe Edition),2012-10-22,17,4qTAwKJQ68gmnrnfPD3vlO,spotify:track:4qTAwKJQ68gmnrnfPD3vlO
Come Back...Be Here,Red (Deluxe Edition),2012-10-22,18,1n8rB9AhxiAvVP1E2c3yOd,spotify:track:1n8rB9AhxiAvVP1E2c3yOd
Girl At Home,Red (Deluxe Edition),2012-10-22,19,6VFpuI0DDmbC5UyWZQ4IRY,spotify:track:6VFpuI0DDmbC5UyWZQ4IRY
Treacherous - Original Demo Recording,Red (Deluxe Edition),2012-10-22,20,7skiELMb9SiQCcBpsExIJf,spotify:track:7skiELMb9SiQCcBpsExIJf
State Of Grace,Red,2012-10-22,1,786NsUYn4GGUf8AOt0SQhP,spotify:track:786NsUYn4GGUf8AOt0SQhP
Red,Red,2012-10-22,2,0cITLOYn1Sv4q27zZPqlNK,spotify:track:0cITLOYn1Sv4q27zZPqlNK
Treacherous,Red,2012-10-22,3,5kYFVSQoPu7yRpfiHBwMUk,spotify:track:5kYFVSQoPu7yRpfiHBwMUk
I Knew You Were Trouble.,Red,2012-10-22,4,72jCZdH0Lhg93z6Z4hBjgj,spotify:track:72jCZdH0Lhg93z6Z4hBjgj
All Too Well,Red,2012-10-22,5,4XMP3zVxrnr58T0tjIHvpR,spotify:track:4XMP3zVxrnr58T0tjIHvpR
22,Red,2012-10-22,6,2ULNeSomDxVNmdDy8VxEBU,spotify:track:2ULNeSomDxVNmdDy8VxEBU
I Almost Do,Red,2012-10-22,7,5VwFkx7JOimOGTYfha5rs1,spotify:track:5VwFkx7JOimOGTYfha5rs1
We Are Never Ever Getting Back Together,Red,2012-10-22,8,7AEAGTc8cReDqcbPoY9gwo,spotify:track:7AEAGTc8cReDqcbPoY9gwo
Stay Stay Stay,Red,2012-10-22,9,1qLeEu4iXEclkLwoBlMiou,spotify:track:1qLeEu4iXEclkLwoBlMiou
The Last Time,Red,2012-10-22,10,3n9mzjgAzjyKawvbHzciXF,spotify:track:3n9mzjgAzjyKawvbHzciXF
Holy Ground,Red,2012-10-22,11,1fGsZsIkQkOspfsT24nQP6,spotify:track:1fGsZsIkQkOspfsT24nQP6
Sad Beautiful Tragic,Red,2012-10-22,12,6LKjHhOW1az75pCQ9XJJtF,spotify:track:6LKjHhOW1az75pCQ9XJJtF
The Lucky One,Red,2012-10-22,13,2X2J0BhxaLTmnxO4pPUhSd,spotify:track:2X2J0BhxaLTmnxO4pPUhSd
Everything Has Changed,Red,2012-10-22,14,4NAmRvqSITAAzKWnC8yRq3,spotify:track:4NAmRvqSITAAzKWnC8yRq3
Starlight,Red,2012-10-22,15,7MecVsMj22MneZt7kVFaCr,spotify:track:7MecVsMj22MneZt7kVFaCr
Begin Again,Red,2012-10-22,16,0L4YCNRfXAoTvdpWeH2RGj,spotify:track:0L4YCNRfXAoTvdpWeH2RGj
Sparks Fly - Live/2011,Speak Now World Tour Live,2010-10-25,1,1aBJNc2thaKyh5THWzIqHX,spotify:track:1aBJNc2thaKyh5THWzIqHX
Mine - Live/2011,Speak Now World Tour Live,2010-10-25,2,7yndkPYP6YQQLBpPsizDfh,spotify:track:7yndkPYP6YQQLBpPsizDfh
The Story Of Us - Live,Speak Now World Tour Live,2010-10-25,3,72GIZuUXo14oyrS0si3Rgc,spotify:track:72GIZuUXo14oyrS0si3Rgc
Mean - Live/2011,Speak Now World Tour Live,2010-10-25,4,7mFiEij8AXPUZB7aKLbUlQ,spotify:track:7mFiEij8AXPUZB7aKLbUlQ
Ours - Live/2011,Speak Now World Tour Live,2010-10-25,5,68QyrSzpnoU04AAhE5z8lj,spotify:track:68QyrSzpnoU04AAhE5z8lj
Back To December/Apologize/You're Not Sorry - Live/2011/Medley,Speak Now World Tour Live,2010-10-25,6,1IsquhJFJ0qcFZI7FeAEuN,spotify:track:1IsquhJFJ0qcFZI7FeAEuN
Better Than Revenge - Live/2011,Speak Now World Tour Live,2010-10-25,7,6505MLhnqTDDg4tjoUz2Wp,spotify:track:6505MLhnqTDDg4tjoUz2Wp
Speak Now - Live/2011,Speak Now World Tour Live,2010-10-25,8,3QFB14MOUf3imlyISNmrbT,spotify:track:3QFB14MOUf3imlyISNmrbT
Last Kiss - Live/2011,Speak Now World Tour Live,2010-10-25,9,6hH37tyeRdyan1mAppmVor,spotify:track:6hH37tyeRdyan1mAppmVor
Drops Of Jupiter - Live/2011,Speak Now World Tour Live,2010-10-25,10,0BSmbCIY36iw04azzJ3S0S,spotify:track:0BSmbCIY36iw04azzJ3S0S
Bette Davis Eyes - Live/2011,Speak Now World Tour Live,2010-10-25,11,6KF9xd2hBLuexrmBX4vUWD,spotify:track:6KF9xd2hBLuexrmBX4vUWD
I Want You Back - Live/2011,Speak Now World Tour Live,2010-10-25,12,4KB3zBArZ1rHRExilzycaV,spotify:track:4KB3zBArZ1rHRExilzycaV
Dear John - Live/2011,Speak Now World Tour Live,2010-10-25,13,4DbI1rr4IQ2bc8nejy9ttd,spotify:track:4DbI1rr4IQ2bc8nejy9ttd
Enchanted - Live/2011,Speak Now World Tour Live,2010-10-25,14,3lm4L3pPL32PFy74dR17OR,spotify:track:3lm4L3pPL32PFy74dR17OR
Haunted - Live/2011,Speak Now World Tour Live,2010-10-25,15,6znB7YZhMJT2B83zfbiyLq,spotify:track:6znB7YZhMJT2B83zfbiyLq
Long Live - Live/2011,Speak Now World Tour Live,2010-10-25,16,5QkzyLUb4ggojNDp8G2OxX,spotify:track:5QkzyLUb4ggojNDp8G2OxX
Mine - POP Mix,Speak Now,2010-10-25,1,0GxW5K0qzrq7L1jwSY5OmY,spotify:track:0GxW5K0qzrq7L1jwSY5OmY
Sparks Fly,Speak Now,2010-10-25,2,46NGAvL695VnbcSeTmQWmM,spotify:track:46NGAvL695VnbcSeTmQWmM
Back To December,Speak Now,2010-10-25,3,5l6GqSxplqnZbLg0LTPQeG,spotify:track:5l6GqSxplqnZbLg0LTPQeG
Speak Now,Speak Now,2010-10-25,4,7dXKdjpOaH2iwfFKmUj7aq,spotify:track:7dXKdjpOaH2iwfFKmUj7aq
Dear John,Speak Now,2010-10-25,5,3K2es3gElMRJ3qvmPW442g,spotify:track:3K2es3gElMRJ3qvmPW442g
Mean,Speak Now,2010-10-25,6,0KztjtD3ytzgYjUKIVfBnW,spotify:track:0KztjtD3ytzgYjUKIVfBnW
The Story Of Us,Speak Now,2010-10-25,7,3lXekiVK1ZPZbKconsys73,spotify:track:3lXekiVK1ZPZbKconsys73
Never Grow Up,Speak Now,2010-10-25,8,3JilapcaOXzjR9gtvCY8FO,spotify:track:3JilapcaOXzjR9gtvCY8FO
Enchanted,Speak Now,2010-10-25,9,04S1pkp1VaIqjg8zZqknR5,spotify:track:04S1pkp1VaIqjg8zZqknR5
Better Than Revenge,Speak Now,2010-10-25,10,0PWgAyoxsjwGRuFSO0fyya,spotify:track:0PWgAyoxsjwGRuFSO0fyya
Innocent,Speak Now,2010-10-25,11,0mTgFzkDgSAF3nJY25XCXG,spotify:track:0mTgFzkDgSAF3nJY25XCXG
Haunted,Speak Now,2010-10-25,12,2YjKcFQ1vYFhQPgsmCOjss,spotify:track:2YjKcFQ1vYFhQPgsmCOjss
Last Kiss,Speak Now,2010-10-25,13,4EUQXLipplO2v9mVaqQtjc,spotify:track:4EUQXLipplO2v9mVaqQtjc
Long Live,Speak Now,2010-10-25,14,4ewAfHYpDTzpW1GKO44CVP,spotify:track:4ewAfHYpDTzpW1GKO44CVP
Mine - POP Mix,Speak Now (Deluxe Package),2010-01-01,1,0OAHsZ8vrS2NKom3cvfJQD,spotify:track:0OAHsZ8vrS2NKom3cvfJQD
Sparks Fly,Speak Now (Deluxe Package),2010-01-01,2,09cM9BjyNFizKUOXh6j9rT,spotify:track:09cM9BjyNFizKUOXh6j9rT
Back To December,Speak Now (Deluxe Package),2010-01-01,3,0tr6XR58KBdDYd8qvHVTs8,spotify:track:0tr6XR58KBdDYd8qvHVTs8
Speak Now,Speak Now (Deluxe Package),2010-01-01,4,2PBghI9zJkQEWBzMSMo2Ki,spotify:track:2PBghI9zJkQEWBzMSMo2Ki
Dear John,Speak Now (Deluxe Package),2010-01-01,5,1GeLxMgpeCnMJntwyW6rLw,spotify:track:1GeLxMgpeCnMJntwyW6rLw
Mean,Speak Now (Deluxe Package),2010-01-01,6,6yM6QsnTCTVOkKEvg3hGlo,spotify:track:6yM6QsnTCTVOkKEvg3hGlo
The Story Of Us,Speak Now (Deluxe Package),2010-01-01,7,7vBlnGdfOLzVEqiOQQxeU8,spotify:track:7vBlnGdfOLzVEqiOQQxeU8
Never Grow Up,Speak Now (Deluxe Package),2010-01-01,8,57w0Uyk2jJAkO2hMJ36xJZ,spotify:track:57w0Uyk2jJAkO2hMJ36xJZ
Enchanted,Speak Now (Deluxe Package),2010-01-01,9,3sqrvkNC6IPTIXvvbx9Arw,spotify:track:3sqrvkNC6IPTIXvvbx9Arw
Better Than Revenge,Speak Now (Deluxe Package),2010-01-01,10,55mh9j2aB7xZ1Oh463gK8k,spotify:track:55mh9j2aB7xZ1Oh463gK8k
Innocent,Speak Now (Deluxe Package),2010-01-01,11,4LraIz87diVQdDK0rhi0S4,spotify:track:4LraIz87diVQdDK0rhi0S4
Haunted,Speak Now (Deluxe Package),2010-01-01,12,72idZxdEHLbi2YI486c3sE,spotify:track:72idZxdEHLbi2YI486c3sE
Last Kiss,Speak Now (Deluxe Package),2010-01-01,13,1VCJ7vk3Y2DoJIAEOXe3V8,spotify:track:1VCJ7vk3Y2DoJIAEOXe3V8
Long Live,Speak Now (Deluxe Package),2010-01-01,14,7BFc7ffruhZ4Hecnqf5xju,spotify:track:7BFc7ffruhZ4Hecnqf5xju
Ours,Speak Now (Deluxe Package),2010-01-01,15,0hK93KD6Y0j9giUGh4Valj,spotify:track:0hK93KD6Y0j9giUGh4Valj
If This Was A Movie,Speak Now (Deluxe Package),2010-01-01,16,5tSmAABuoOfR59lrtXdDqm,spotify:track:5tSmAABuoOfR59lrtXdDqm
Superman,Speak Now (Deluxe Package),2010-01-01,17,6aJ0ipi4EPmu1aTbFeXZnw,spotify:track:6aJ0ipi4EPmu1aTbFeXZnw
Back To December - Acoustic,Speak Now (Deluxe Package),2010-01-01,18,7k7BOXE4u6luKTwcLEAyrd,spotify:track:7k7BOXE4u6luKTwcLEAyrd
Haunted - Acoustic Version,Speak Now (Deluxe Package),2010-01-01,19,6SdBf0ZsJZoKaH5zcDaz9X,spotify:track:6SdBf0ZsJZoKaH5zcDaz9X
Mine,Speak Now (Deluxe Package),2010-01-01,20,67Io3gxHwfbUreBf114c0u,spotify:track:67Io3gxHwfbUreBf114c0u
Jump Then Fall,Fearless (Platinum Edition),2008-11-11,1,6WWvcA62QlnRguluWAk6bv,spotify:track:6WWvcA62QlnRguluWAk6bv
Untouchable,Fearless (Platinum Edition),2008-11-11,2,6ovFJkdau79DuXEvQjPaNH,spotify:track:6ovFJkdau79DuXEvQjPaNH
Forever & Always - Piano Version,Fearless (Platinum Edition),2008-11-11,3,13MAWVUSkbGMUi6I7RowRK,spotify:track:13MAWVUSkbGMUi6I7RowRK
Come In With The Rain,Fearless (Platinum Edition),2008-11-11,4,0cEG04R5cldkTLzK6phlcn,spotify:track:0cEG04R5cldkTLzK6phlcn
SuperStar,Fearless (Platinum Edition),2008-11-11,5,0XfTh16YcKPzdxMPTeKTAq,spotify:track:0XfTh16YcKPzdxMPTeKTAq
The Other Side Of The Door,Fearless (Platinum Edition),2008-11-11,6,1yDJcXc549N6AabNBzFAku,spotify:track:1yDJcXc549N6AabNBzFAku
Fearless,Fearless (Platinum Edition),2008-11-11,7,2okho7vU7Nsq1UZD0kgIMi,spotify:track:2okho7vU7Nsq1UZD0kgIMi
Fifteen,Fearless (Platinum Edition),2008-11-11,8,5Ora3Ish2A1JN5veGYTxhw,spotify:track:5Ora3Ish2A1JN5veGYTxhw
Love Story,Fearless (Platinum Edition),2008-11-11,9,5hnJCRSo4pxRsaEwT9YusG,spotify:track:5hnJCRSo4pxRsaEwT9YusG
Hey Stephen,Fearless (Platinum Edition),2008-11-11,10,3CI1f4yLwdHzcUnH7o0Xyh,spotify:track:3CI1f4yLwdHzcUnH7o0Xyh
White Horse,Fearless (Platinum Edition),2008-11-11,11,5yKB8qcTSflDercM2PXwot,spotify:track:5yKB8qcTSflDercM2PXwot
You Belong With Me,Fearless (Platinum Edition),2008-11-11,12,4kgTdThcDHfuDS2kKxB7Lc,spotify:track:4kgTdThcDHfuDS2kKxB7Lc
Breathe,Fearless (Platinum Edition),2008-11-11,13,23qIWGhpwvDgC23TyZOUck,spotify:track:23qIWGhpwvDgC23TyZOUck
Tell Me Why,Fearless (Platinum Edition),2008-11-11,14,4x7Gxk2GfwZJcqpoVT1PbR,spotify:track:4x7Gxk2GfwZJcqpoVT1PbR
You're Not Sorry,Fearless (Platinum Edition),2008-11-11,15,3JhvYnOfKLJuWC7jEU0GmJ,spotify:track:3JhvYnOfKLJuWC7jEU0GmJ
The Way I Loved You,Fearless (Platinum Edition),2008-11-11,16,4pEZUytwBzha5Un6m3SCFf,spotify:track:4pEZUytwBzha5Un6m3SCFf
Forever & Always,Fearless (Platinum Edition),2008-11-11,17,3NKCWBT2uKp8rxSkcvIrdX,spotify:track:3NKCWBT2uKp8rxSkcvIrdX
The Best Day,Fearless (Platinum Edition),2008-11-11,18,7CjuAoOiSrwWv7wJonAUmw,spotify:track:7CjuAoOiSrwWv7wJonAUmw
Change,Fearless (Platinum Edition),2008-11-11,19,3gFaNwyiafgUoQhR0pHYA9,spotify:track:3gFaNwyiafgUoQhR0pHYA9
Fearless,Fearless (International Version),2008-11-11,1,6zV8AVM9eVfdG7Qahwd64R,spotify:track:6zV8AVM9eVfdG7Qahwd64R
Fifteen,Fearless (International Version),2008-11-11,2,4yf9OivCH2lmQWN8mzpCC6,spotify:track:4yf9OivCH2lmQWN8mzpCC6
Love Story,Fearless (International Version),2008-11-11,3,5xPsybHWRHbTYO44xnREY5,spotify:track:5xPsybHWRHbTYO44xnREY5
Hey Stephen,Fearless (International Version),2008-11-11,4,4fWDgRZa0GKE5KZNhE9MQa,spotify:track:4fWDgRZa0GKE5KZNhE9MQa
White Horse,Fearless (International Version),2008-11-11,5,1yFjBRQVhRdcdnrTE5LuyD,spotify:track:1yFjBRQVhRdcdnrTE5LuyD
You Belong With Me,Fearless (International Version),2008-11-11,6,7G6TDmGJXDoBaV6NGj3Yic,spotify:track:7G6TDmGJXDoBaV6NGj3Yic
Breathe,Fearless (International Version),2008-11-11,7,0qsSmObOgBZfuMIwfAQDBP,spotify:track:0qsSmObOgBZfuMIwfAQDBP
Tell Me Why,Fearless (International Version),2008-11-11,8,6vLpy7UPYuOa75Bkqocrcw,spotify:track:6vLpy7UPYuOa75Bkqocrcw
You're Not Sorry,Fearless (International Version),2008-11-11,9,4N419mmxYybTfAECy5j4dw,spotify:track:4N419mmxYybTfAECy5j4dw
The Way I Loved You,Fearless (International Version),2008-11-11,10,04LDcz3RX1P5sIlzQGqgUN,spotify:track:04LDcz3RX1P5sIlzQGqgUN
Forever & Always,Fearless (International Version),2008-11-11,11,3yuOL0jFnVR8tizZzNNo0F,spotify:track:3yuOL0jFnVR8tizZzNNo0F
The Best Day,Fearless (International Version),2008-11-11,12,7G9D32Kx7hdQ9Uga1V4VXm,spotify:track:7G9D32Kx7hdQ9Uga1V4VXm
Change,Fearless (International Version),2008-11-11,13,493jXNrYmXPCMbSJvVRYLk,spotify:track:493jXNrYmXPCMbSJvVRYLk
Our Song - International Mix,Fearless (International Version),2008-11-11,14,5Ct2PYPUSogyWvbV40k9Bf,spotify:track:5Ct2PYPUSogyWvbV40k9Bf
Teardrops On My Guitar - International Mix,Fearless (International Version),2008-11-11,15,2RM02ladxD5mgdrlAwh3h9,spotify:track:2RM02ladxD5mgdrlAwh3h9
Should've Said No - International Mix,Fearless (International Version),2008-11-11,16,2gwvtlwlKhvkfjz7Fcb6Yk,spotify:track:2gwvtlwlKhvkfjz7Fcb6Yk
Love Story - Live From Clear Channel Stripped 2008,Live From Clear Channel Stripped 2008,2008-06-28,1,4RBKAqJ3qyvvriDG0s9IJ3,spotify:track:4RBKAqJ3qyvvriDG0s9IJ3
Fearless - Live From Clear Channel Stripped 2008,Live From Clear Channel Stripped 2008,2008-06-28,2,5g7RMU3cV7zXWH244BLe7G,spotify:track:5g7RMU3cV7zXWH244BLe7G
Beautiful Eyes - Live From Clear Channel Stripped 2008,Live From Clear Channel Stripped 2008,2008-06-28,3,4aBW31cmkA7BLColUsMEeZ,spotify:track:4aBW31cmkA7BLColUsMEeZ
Untouchable - Live From Clear Channel Stripped 2008,Live From Clear Channel Stripped 2008,2008-06-28,4,4MbHDiHQjhmoVAV75G04Ql,spotify:track:4MbHDiHQjhmoVAV75G04Ql
Teardrops On My Guitar - Live From Clear Channel Stripped 2008,Live From Clear Channel Stripped 2008,2008-06-28,5,4DjevQhsPWULcondN4mRh5,spotify:track:4DjevQhsPWULcondN4mRh5
Picture To Burn - Live From Clear Channel Stripped 2008,Live From Clear Channel Stripped 2008,2008-06-28,6,7EvU9pRoJ9Xs7anx0P7tEc,spotify:track:7EvU9pRoJ9Xs7anx0P7tEc
Should've Said No - Live From Clear Channel Stripped 2008,Live From Clear Channel Stripped 2008,2008-06-28,7,5a9hUL6ZuiagZhazwrtwHF,spotify:track:5a9hUL6ZuiagZhazwrtwHF
Change - Live From Clear Channel Stripped 2008,Live From Clear Channel Stripped 2008,2008-06-28,8,69o9kr9UexjzeZDE8yD8dQ,spotify:track:69o9kr9UexjzeZDE8yD8dQ
Tim McGraw,Taylor Swift (Deluxe Edition),2006-10-24,1,2Fn01AIMyHbha2ceNQeOqw,spotify:track:2Fn01AIMyHbha2ceNQeOqw
Picture To Burn,Taylor Swift (Deluxe Edition),2006-10-24,2,4BYejINgfZF0qKDMEH2cim,spotify:track:4BYejINgfZF0qKDMEH2cim
Teardrops On My Guitar - Radio Single Remix,Taylor Swift (Deluxe Edition),2006-10-24,3,2TF4UtYreqNbQ6Z9AccldU,spotify:track:2TF4UtYreqNbQ6Z9AccldU
A Place in this World,Taylor Swift (Deluxe Edition),2006-10-24,4,1oR4MUBpyNrAViC8wPNpfm,spotify:track:1oR4MUBpyNrAViC8wPNpfm
Cold As You,Taylor Swift (Deluxe Edition),2006-10-24,5,569sXXQ7t0jSdqHooi2yqs,spotify:track:569sXXQ7t0jSdqHooi2yqs
The Outside,Taylor Swift (Deluxe Edition),2006-10-24,6,5Tj2MqcFMf60CaGsKbM1aq,spotify:track:5Tj2MqcFMf60CaGsKbM1aq
Tied Together with a Smile,Taylor Swift (Deluxe Edition),2006-10-24,7,2zzxwmoOBnXDT0KnJsoIWk,spotify:track:2zzxwmoOBnXDT0KnJsoIWk
Stay Beautiful,Taylor Swift (Deluxe Edition),2006-10-24,8,41sjzdjScVwnxnxADElts6,spotify:track:41sjzdjScVwnxnxADElts6
Should've Said No,Taylor Swift (Deluxe Edition),2006-10-24,9,6CdaXOq1MWe2JHDalTG01d,spotify:track:6CdaXOq1MWe2JHDalTG01d
Mary's Song (Oh My My My),Taylor Swift (Deluxe Edition),2006-10-24,10,2O8sogKJCfVZ4rotBv1vVF,spotify:track:2O8sogKJCfVZ4rotBv1vVF
Our Song,Taylor Swift (Deluxe Edition),2006-10-24,11,1j6gmK6u4WNI33lMZ8dC1s,spotify:track:1j6gmK6u4WNI33lMZ8dC1s
I'm Only Me When I'm With You,Taylor Swift (Deluxe Edition),2006-10-24,12,7CzxXgQXurKZCyHz9ufbo1,spotify:track:7CzxXgQXurKZCyHz9ufbo1
Invisible,Taylor Swift (Deluxe Edition),2006-10-24,13,1k3PzDNjg38cWqOvL4M9vq,spotify:track:1k3PzDNjg38cWqOvL4M9vq
A Perfectly Good Heart,Taylor Swift (Deluxe Edition),2006-10-24,14,0YgHuReCSPwTXYny7isLja,spotify:track:0YgHuReCSPwTXYny7isLja
Teardrops on My Guitar - Pop Version,Taylor Swift (Deluxe Edition),2006-10-24,15,1hxLyjC9D9Jpw6EAPKqWv4,spotify:track:1hxLyjC9D9Jpw6EAPKqWv4
